artifact_id,tier,runtime_name,canonical_name,bonus_affinity,printed_cost,eminence,practical_capability,artifact_form,lineage,blueprint_roles,depiction_scale,civilization_lane,visual_treatment_metadata,existing_capability_tags,source_of_truth,stale_source_conflicts,civilization_readiness_status,notes
"t1r01","1","Ignition Kernel","Ignition Kernel","flare","F0/C0/V1/A1/R1","0","Reliable bounded ignition","Power Component / Control Instrument","Foundation; no lower-tier Built On","runtime role: controlled ignition and thermal regulation | runtime families: Mantle-to-Orbit Foundry; Planetary Cradle Engine | runtime exact component: Antimatter Detonator | v2 specified component: Antimatter Detonator","macro (derived from current lore/art)","planetary forge culture","trait=ignition; motif=forge; bespoke=ignition_kernel","none; current ignition value is a visual trait, not a canonical capability tag","mechanics artifacts/api-server/src/lib/gameEngine.ts:509; runtime lore artifacts/api-server/src/lib/cardLore.ts:68; canon /Users/chaoscalligraphy/Documents/Lumiane/docs/LUMINAe_UNIFIED_LORE_ARTIFACT_REFERENCE_v1.0.md:1164; lineage /Users/chaoscalligraphy/Documents/Lumiane/docs/LUMINAe_TECHNOLOGY_LINEAGE_MATRIX_v2.0.md","Technology v2 assigns the authoritative Artifact registry and BUILT_ON to @workspace/game-types, but current mechanics remain in api-server CARD_CATALOG and lineage is documentation-only.","PARTIAL","Evidence confidence: strong runtime mechanics/lore and partial canon consolidation. Core identity is coherent, but capability tags and runtime lineage are absent; depiction is presentation-derived."
"t1r02","1","Ashroot Bloom","Ashroot Bloom","flare","F0/C0/V1/A2/R0","0","Ecological recovery after fire","Biotech Module / Catalyst","Foundation; no lower-tier Built On","runtime role: post-burn ecological recovery | runtime families: Planetary Cradle Engine; Stellar Nursery Rite precursor","macro (derived from current lore/art)","phoenix biosphere","trait=biosphere; motif=organ; bespoke=ashroot_recovery","none; current biosphere value is a visual trait, not a canonical capability tag","mechanics artifacts/api-server/src/lib/gameEngine.ts:510; runtime lore artifacts/api-server/src/lib/cardLore.ts:75; canon /Users/chaoscalligraphy/Documents/Lumiane/docs/LUMINAe_UNIFIED_LORE_ARTIFACT_REFERENCE_v1.0.md:1165; lineage /Users/chaoscalligraphy/Documents/Lumiane/docs/LUMINAe_TECHNOLOGY_LINEAGE_MATRIX_v2.0.md","Technology v2 assigns the authoritative Artifact registry and BUILT_ON to @workspace/game-types, but current mechanics remain in api-server CARD_CATALOG and lineage is documentation-only.","PARTIAL","Evidence confidence: strong runtime mechanics/lore and partial canon consolidation. Core identity is coherent, but capability tags and runtime lineage are absent; depiction is presentation-derived."
"t1r03","1","Chrono-Ember Core","Chrono-Ember Core","flare","F0/C1/V1/A0/R1","0","Long-cycle energy scheduling","Archive / Power Component","Foundation; no lower-tier Built On","runtime role: energy-memory synchronization | runtime families: Mantle-to-Orbit Foundry; Spiral-Arm Archive precursor","tabletop (derived from current lore/art)","deep-time ignition culture","trait=ignition; motif=archive; bespoke=none","none; current ignition value is a visual trait, not a canonical capability tag","mechanics artifacts/api-server/src/lib/gameEngine.ts:511; runtime lore artifacts/api-server/src/lib/cardLore.ts:82; canon /Users/chaoscalligraphy/Documents/Lumiane/docs/LUMINAe_UNIFIED_LORE_ARTIFACT_REFERENCE_v1.0.md:1166; lineage /Users/chaoscalligraphy/Documents/Lumiane/docs/LUMINAe_TECHNOLOGY_LINEAGE_MATRIX_v2.0.md","Technology v2 assigns the authoritative Artifact registry and BUILT_ON to @workspace/game-types, but current mechanics remain in api-server CARD_CATALOG and lineage is documentation-only.","PARTIAL","Evidence confidence: strong runtime mechanics/lore and partial canon consolidation. Core identity is coherent, but capability tags and runtime lineage are absent; depiction is presentation-derived."
"t1r04","1","Causal Spark Coil","Causal Spark Coil","flare","F0/C2/V0/A0/R0","0","Consequence-gated ignition","Control Instrument / Protocol Object","Foundation; no lower-tier Built On","runtime role: safe trigger sequencing | runtime families: Mantle-to-Orbit Foundry; Causality Audit Court precursor | runtime exact component: Antimatter Detonator | v2 specified component: Antimatter Detonator","tabletop (derived from current lore/art)","experimental causal engineer civilization","trait=chronology; motif=coil; bespoke=none","none; current chronology value is a visual trait, not a canonical capability tag","mechanics artifacts/api-server/src/lib/gameEngine.ts:512; runtime lore artifacts/api-server/src/lib/cardLore.ts:89; canon /Users/chaoscalligraphy/Documents/Lumiane/docs/LUMINAe_UNIFIED_LORE_ARTIFACT_REFERENCE_v1.0.md:1167; lineage /Users/chaoscalligraphy/Documents/Lumiane/docs/LUMINAe_TECHNOLOGY_LINEAGE_MATRIX_v2.0.md","Technology v2 assigns the authoritative Artifact registry and BUILT_ON to @workspace/game-types, but current mechanics remain in api-server CARD_CATALOG and lineage is documentation-only.","PARTIAL","Evidence confidence: strong runtime mechanics/lore and partial canon consolidation. Core identity is coherent, but capability tags and runtime lineage are absent; depiction is presentation-derived."
"t1r05","1","Voidflare Cask","Voidflare Cask","flare","F0/C0/V0/A2/R2","0","Emergency volatile-energy storage","Containment / Power Component","Foundation; no lower-tier Built On","runtime role: volatile void-pressure ignition | runtime families: Worldshield Covenant; Mantle-to-Orbit Foundry","tabletop (derived from current lore/art)","eclipse host civilization","trait=containment; motif=vessel; bespoke=none","none; current containment value is a visual trait, not a canonical capability tag","mechanics artifacts/api-server/src/lib/gameEngine.ts:513; runtime lore artifacts/api-server/src/lib/cardLore.ts:96; canon /Users/chaoscalligraphy/Documents/Lumiane/docs/LUMINAe_UNIFIED_LORE_ARTIFACT_REFERENCE_v1.0.md:1168; lineage /Users/chaoscalligraphy/Documents/Lumiane/docs/LUMINAe_TECHNOLOGY_LINEAGE_MATRIX_v2.0.md","Technology v2 assigns the authoritative Artifact registry and BUILT_ON to @workspace/game-types, but current mechanics remain in api-server CARD_CATALOG and lineage is documentation-only.","PARTIAL","Evidence confidence: strong runtime mechanics/lore and partial canon consolidation. Core identity is coherent, but capability tags and runtime lineage are absent; depiction is presentation-derived."
"t1r06","1","Photosynthetic Wick","Photosynthetic Wick","flare","F0/C2/V1/A0/R0","0","Slow biological light-to-heat conversion","Biotech Module / Power Component","Foundation; no lower-tier Built On","runtime role: biological energy conversion | runtime families: Planetary Cradle Engine; Ecumenopolis Lattice","macro (derived from current lore/art)","solar-adapted biosphere civilization","trait=biosphere; motif=organ; bespoke=none","none; current biosphere value is a visual trait, not a canonical capability tag","mechanics artifacts/api-server/src/lib/gameEngine.ts:514; runtime lore artifacts/api-server/src/lib/cardLore.ts:103; canon /Users/chaoscalligraphy/Documents/Lumiane/docs/LUMINAe_UNIFIED_LORE_ARTIFACT_REFERENCE_v1.0.md:1169; lineage /Users/chaoscalligraphy/Documents/Lumiane/docs/LUMINAe_TECHNOLOGY_LINEAGE_MATRIX_v2.0.md","Technology v2 assigns the authoritative Artifact registry and BUILT_ON to @workspace/game-types, but current mechanics remain in api-server CARD_CATALOG and lineage is documentation-only.","PARTIAL","Evidence confidence: strong runtime mechanics/lore and partial canon consolidation. Core identity is coherent, but capability tags and runtime lineage are absent; depiction is presentation-derived."
"t1r07","1","Entropy Pyre Baffle","Entropy Pyre Baffle","flare","F0/C0/V2/A2/R0","0","Industrial waste-heat routing","Containment / Thermal Control","Foundation; no lower-tier Built On","runtime role: waste heat and decay routing | runtime families: Mantle-to-Orbit Foundry; Worldshield Covenant | runtime exact component: Mantle-to-Orbit Foundry | v2 specified component: Mantle-to-Orbit Foundry","tabletop (derived from current lore/art)","entropy-tolerant industrial culture","trait=entropy; motif=forge; bespoke=entropy_baffle","none; current entropy value is a visual trait, not a canonical capability tag","mechanics artifacts/api-server/src/lib/gameEngine.ts:515; runtime lore artifacts/api-server/src/lib/cardLore.ts:110; canon /Users/chaoscalligraphy/Documents/Lumiane/docs/LUMINAe_UNIFIED_LORE_ARTIFACT_REFERENCE_v1.0.md:1170; lineage /Users/chaoscalligraphy/Documents/Lumiane/docs/LUMINAe_TECHNOLOGY_LINEAGE_MATRIX_v2.0.md","Technology v2 assigns the authoritative Artifact registry and BUILT_ON to @workspace/game-types, but current mechanics remain in api-server CARD_CATALOG and lineage is documentation-only.","PARTIAL","Evidence confidence: strong runtime mechanics/lore and partial canon consolidation. Core identity is coherent, but capability tags and runtime lineage are absent; depiction is presentation-derived."
"t1r08","1","Oathfire Igniter","Oathfire Igniter","flare","F0/C0/V0/A0/R4","1","Publicly witnessed dangerous ignition","Civic Signal Object / Power Component","Foundation; no lower-tier Built On","runtime role: public sanctioned ignition | runtime families: Worldshield Covenant; Ecumenopolis Lattice | v2 specified component: Ascension Registry","tabletop (derived from current lore/art)","solar civic forge culture","trait=accord; motif=lattice; bespoke=none","none; current accord value is a visual trait, not a canonical capability tag","mechanics artifacts/api-server/src/lib/gameEngine.ts:516; runtime lore artifacts/api-server/src/lib/cardLore.ts:123; canon /Users/chaoscalligraphy/Documents/Lumiane/docs/LUMINAe_UNIFIED_LORE_ARTIFACT_REFERENCE_v1.0.md:1171; lineage /Users/chaoscalligraphy/Documents/Lumiane/docs/LUMINAe_TECHNOLOGY_LINEAGE_MATRIX_v2.0.md","Technology v2 assigns the authoritative Artifact registry and BUILT_ON to @workspace/game-types, but current mechanics remain in api-server CARD_CATALOG and lineage is documentation-only.","PARTIAL","Evidence confidence: strong runtime mechanics/lore and partial canon consolidation. Core identity is coherent, but capability tags and runtime lineage are absent; depiction is presentation-derived."
"t1s01","1","Echo Splinter","Echo Splinter","continuum","F1/C0/V1/A0/R1","0","Pre-failure event detection","Archive / Sensor","Foundation; no lower-tier Built On","runtime role: event echo capture | runtime families: Spiral-Arm Archive precursor; Worldshield Covenant | runtime exact component: Worldshield Covenant | v2 specified component: Worldshield Covenant","macro (derived from current lore/art)","planetary memory culture","trait=archive; motif=prism; bespoke=none","none; current archive value is a visual trait, not a canonical capability tag","mechanics artifacts/api-server/src/lib/gameEngine.ts:518; runtime lore artifacts/api-server/src/lib/cardLore.ts:131; canon /Users/chaoscalligraphy/Documents/Lumiane/docs/LUMINAe_UNIFIED_LORE_ARTIFACT_REFERENCE_v1.0.md:1172; lineage /Users/chaoscalligraphy/Documents/Lumiane/docs/LUMINAe_TECHNOLOGY_LINEAGE_MATRIX_v2.0.md","Technology v2 assigns the authoritative Artifact registry and BUILT_ON to @workspace/game-types, but current mechanics remain in api-server CARD_CATALOG and lineage is documentation-only.","PARTIAL","Evidence confidence: strong runtime mechanics/lore and partial canon consolidation. Core identity is coherent, but capability tags and runtime lineage are absent; depiction is presentation-derived."
"t1s02","1","Mantlelift Driver Coil","Mantlelift Driver Coil","continuum","F2/C0/V1/A0/R0","0","Economical planetary-to-orbit mass lift","Transit Component / Power Component","Foundation; no lower-tier Built On","runtime role: planetary-to-orbit mass acceleration | runtime families: Mantle-to-Orbit Foundry; Arkseed Migration Fleet precursor | runtime exact component: Mantle-to-Orbit Foundry | v2 specified component: Mantle-to-Orbit Foundry","room (derived from current lore/art)","orbital logistics civilization","trait=transit; motif=coil; bespoke=mantlelift_driver","none; current transit value is a visual trait, not a canonical capability tag","mechanics artifacts/api-server/src/lib/gameEngine.ts:519; runtime lore artifacts/api-server/src/lib/cardLore.ts:138; canon /Users/chaoscalligraphy/Documents/Lumiane/docs/LUMINAe_UNIFIED_LORE_ARTIFACT_REFERENCE_v1.0.md:1173; lineage /Users/chaoscalligraphy/Documents/Lumiane/docs/LUMINAe_TECHNOLOGY_LINEAGE_MATRIX_v2.0.md","Technology v2 assigns the authoritative Artifact registry and BUILT_ON to @workspace/game-types, but current mechanics remain in api-server CARD_CATALOG and lineage is documentation-only. Historical v0.4 names Causal Ember Relay; runtime and Blueprint v2 use Mantlelift Driver Coil.","PARTIAL","Evidence confidence: strong runtime mechanics/lore and partial canon consolidation. Core identity is coherent, but capability tags and runtime lineage are absent; depiction is presentation-derived."
"t1s03","1","Null-Loop Anchor","Null-Loop Anchor","continuum","F1/C0/V0/A1/R1","0","Safe termination of automated recursion","Control Instrument / Stabilization","Foundation; no lower-tier Built On","runtime role: recursion boundary control | runtime families: Worldshield Covenant; Causality Audit Court precursor | v2 specified component: Ascension Registry","tabletop (derived from current lore/art)","recursion-safety civilization","trait=containment; motif=forge; bespoke=none","none; current containment value is a visual trait, not a canonical capability tag","mechanics artifacts/api-server/src/lib/gameEngine.ts:520; runtime lore artifacts/api-server/src/lib/cardLore.ts:152; canon /Users/chaoscalligraphy/Documents/Lumiane/docs/LUMINAe_UNIFIED_LORE_ARTIFACT_REFERENCE_v1.0.md:1174; lineage /Users/chaoscalligraphy/Documents/Lumiane/docs/LUMINAe_TECHNOLOGY_LINEAGE_MATRIX_v2.0.md","Technology v2 assigns the authoritative Artifact registry and BUILT_ON to @workspace/game-types, but current mechanics remain in api-server CARD_CATALOG and lineage is documentation-only.","PARTIAL","Evidence confidence: strong runtime mechanics/lore and partial canon consolidation. Core identity is coherent, but capability tags and runtime lineage are absent; depiction is presentation-derived."
"t1s04","1","Time-Crystal Scaffold","Time-Crystal Scaffold","continuum","F1/C0/V0/A0/R2","0","Shared precision timing substrate","Material / Fabrication Tool","Foundation; no lower-tier Built On","runtime role: precision timing substrate | runtime families: Ecumenopolis Lattice; Matrioshka Mind precursor","tabletop (derived from current lore/art)","timekeeping material culture","trait=lattice; motif=prism; bespoke=none","none; current lattice value is a visual trait, not a canonical capability tag","mechanics artifacts/api-server/src/lib/gameEngine.ts:521; runtime lore artifacts/api-server/src/lib/cardLore.ts:159; canon /Users/chaoscalligraphy/Documents/Lumiane/docs/LUMINAe_UNIFIED_LORE_ARTIFACT_REFERENCE_v1.0.md:1175; lineage /Users/chaoscalligraphy/Documents/Lumiane/docs/LUMINAe_TECHNOLOGY_LINEAGE_MATRIX_v2.0.md","Technology v2 assigns the authoritative Artifact registry and BUILT_ON to @workspace/game-types, but current mechanics remain in api-server CARD_CATALOG and lineage is documentation-only.","PARTIAL","Evidence confidence: strong runtime mechanics/lore and partial canon consolidation. Core identity is coherent, but capability tags and runtime lineage are absent; depiction is presentation-derived."
"t1s05","1","Silent Recursion Rule","Silent Recursion Rule","continuum","F0/C0/V0/A2/R2","0","Interpretation-resistant error correction","Protocol / Archive","Foundation; no lower-tier Built On","runtime role: quiet error correction | runtime families: Matrioshka Mind precursor; Worldshield Covenant","macro (derived from current lore/art)","quiet planner civilization","trait=chronology; motif=archive; bespoke=none","none; current chronology value is a visual trait, not a canonical capability tag","mechanics artifacts/api-server/src/lib/gameEngine.ts:522; runtime lore artifacts/api-server/src/lib/cardLore.ts:172; canon /Users/chaoscalligraphy/Documents/Lumiane/docs/LUMINAe_UNIFIED_LORE_ARTIFACT_REFERENCE_v1.0.md:1176; lineage /Users/chaoscalligraphy/Documents/Lumiane/docs/LUMINAe_TECHNOLOGY_LINEAGE_MATRIX_v2.0.md","Technology v2 assigns the authoritative Artifact registry and BUILT_ON to @workspace/game-types, but current mechanics remain in api-server CARD_CATALOG and lineage is documentation-only.","PARTIAL","Evidence confidence: strong runtime mechanics/lore and partial canon consolidation. Core identity is coherent, but capability tags and runtime lineage are absent; depiction is presentation-derived."
"t1s06","1","Living Chronicle","Living Chronicle","continuum","F1/C0/V2/A0/R0","0","Adaptive civic memory","Archive / Biotech Module","Foundation; no lower-tier Built On","runtime role: adaptive civic memory | runtime families: Planetary Cradle Engine; Ecumenopolis Lattice","tabletop (derived from current lore/art)","biological archive civilization","trait=archive; motif=organ; bespoke=none","none; current archive value is a visual trait, not a canonical capability tag","mechanics artifacts/api-server/src/lib/gameEngine.ts:523; runtime lore artifacts/api-server/src/lib/cardLore.ts:179; canon /Users/chaoscalligraphy/Documents/Lumiane/docs/LUMINAe_UNIFIED_LORE_ARTIFACT_REFERENCE_v1.0.md:1177; lineage /Users/chaoscalligraphy/Documents/Lumiane/docs/LUMINAe_TECHNOLOGY_LINEAGE_MATRIX_v2.0.md","Technology v2 assigns the authoritative Artifact registry and BUILT_ON to @workspace/game-types, but current mechanics remain in api-server CARD_CATALOG and lineage is documentation-only.","PARTIAL","Evidence confidence: strong runtime mechanics/lore and partial canon consolidation. Core identity is coherent, but capability tags and runtime lineage are absent; depiction is presentation-derived."
"t1s07","1","String-Scar Loom","String-Scar Loom","continuum","F2/C0/V0/A2/R0","0","Manufacturing from exotic-material defects","Fabrication Tool / Material","Foundation; no lower-tier Built On","runtime role: defect-pattern weaving | runtime families: Mantle-to-Orbit Foundry; Galactic Relic Forge precursor","tabletop (derived from current lore/art)","defect-engineer culture","trait=lattice; motif=coil; bespoke=none","none; current lattice value is a visual trait, not a canonical capability tag","mechanics artifacts/api-server/src/lib/gameEngine.ts:524; runtime lore artifacts/api-server/src/lib/cardLore.ts:186; canon /Users/chaoscalligraphy/Documents/Lumiane/docs/LUMINAe_UNIFIED_LORE_ARTIFACT_REFERENCE_v1.0.md:1178; lineage /Users/chaoscalligraphy/Documents/Lumiane/docs/LUMINAe_TECHNOLOGY_LINEAGE_MATRIX_v2.0.md","Technology v2 assigns the authoritative Artifact registry and BUILT_ON to @workspace/game-types, but current mechanics remain in api-server CARD_CATALOG and lineage is documentation-only.","PARTIAL","Evidence confidence: strong runtime mechanics/lore and partial canon consolidation. Core identity is coherent, but capability tags and runtime lineage are absent; depiction is presentation-derived."
"t1s08","1","Root Memory Valve","Root Memory Valve","continuum","F0/C0/V4/A0/R0","1","Controlled release of ancestral memory","Archive / Biotech Module / Control Instrument","Foundation; no lower-tier Built On","runtime role: selective memory release | runtime families: Planetary Cradle Engine; Spiral Ecology Mesh precursor","macro (derived from current lore/art)","ancestral biosphere civilization","trait=archive; motif=vessel; bespoke=none","none; current archive value is a visual trait, not a canonical capability tag","mechanics artifacts/api-server/src/lib/gameEngine.ts:525; runtime lore artifacts/api-server/src/lib/cardLore.ts:193; canon /Users/chaoscalligraphy/Documents/Lumiane/docs/LUMINAe_UNIFIED_LORE_ARTIFACT_REFERENCE_v1.0.md:1179; lineage /Users/chaoscalligraphy/Documents/Lumiane/docs/LUMINAe_TECHNOLOGY_LINEAGE_MATRIX_v2.0.md","Technology v2 assigns the authoritative Artifact registry and BUILT_ON to @workspace/game-types, but current mechanics remain in api-server CARD_CATALOG and lineage is documentation-only.","PARTIAL","Evidence confidence: strong runtime mechanics/lore and partial canon consolidation. Core identity is coherent, but capability tags and runtime lineage are absent; depiction is presentation-derived."
"t1e01","1","Replication Spore","Replication Spore","verdance","F1/C1/V0/A0/R1","0","Ecologically bounded replication","Biotech Module / Fabrication Tool","Foundation; no lower-tier Built On","runtime role: controlled replication | runtime families: Planetary Cradle Engine; Spiral Ecology Mesh precursor","macro (derived from current lore/art)","adaptive biosphere civilization","trait=replication; motif=coil; bespoke=none","none; current replication value is a visual trait, not a canonical capability tag","mechanics artifacts/api-server/src/lib/gameEngine.ts:527; runtime lore artifacts/api-server/src/lib/cardLore.ts:201; canon /Users/chaoscalligraphy/Documents/Lumiane/docs/LUMINAe_UNIFIED_LORE_ARTIFACT_REFERENCE_v1.0.md:1180; lineage /Users/chaoscalligraphy/Documents/Lumiane/docs/LUMINAe_TECHNOLOGY_LINEAGE_MATRIX_v2.0.md","Technology v2 assigns the authoritative Artifact registry and BUILT_ON to @workspace/game-types, but current mechanics remain in api-server CARD_CATALOG and lineage is documentation-only.","PARTIAL","Evidence confidence: strong runtime mechanics/lore and partial canon consolidation. Core identity is coherent, but capability tags and runtime lineage are absent; depiction is presentation-derived."
"t1e02","1","Voidroot Tap","Voidroot Tap","verdance","F0/C2/V0/A1/R0","0","Nutrient extraction from hidden reservoirs","Biotech Module / Interface","Foundation; no lower-tier Built On","runtime role: nutrient extraction from hidden reservoirs | runtime families: Planetary Cradle Engine; Dark-Sector Observatory precursor","tabletop (derived from current lore/art)","subterranean adaptive life","trait=aperture; motif=seed; bespoke=none","none; current aperture value is a visual trait, not a canonical capability tag","mechanics artifacts/api-server/src/lib/gameEngine.ts:528; runtime lore artifacts/api-server/src/lib/cardLore.ts:208; canon /Users/chaoscalligraphy/Documents/Lumiane/docs/LUMINAe_UNIFIED_LORE_ARTIFACT_REFERENCE_v1.0.md:1181; lineage /Users/chaoscalligraphy/Documents/Lumiane/docs/LUMINAe_TECHNOLOGY_LINEAGE_MATRIX_v2.0.md","Technology v2 assigns the authoritative Artifact registry and BUILT_ON to @workspace/game-types, but current mechanics remain in api-server CARD_CATALOG and lineage is documentation-only.","PARTIAL","Evidence confidence: strong runtime mechanics/lore and partial canon consolidation. Core identity is coherent, but capability tags and runtime lineage are absent; depiction is presentation-derived."
"t1e03","1","Char Tendril","Char Tendril","verdance","F1/C1/V0/A1/R0","0","Testing burned terrain for recovery","Biotech Module / Sensor","Foundation; no lower-tier Built On","runtime role: post-fire ecological probing | runtime families: Planetary Cradle Engine; Stellar Nursery Rite precursor","macro (derived from current lore/art)","fire-adapted ecology","trait=ignition; motif=organ; bespoke=none","none; current ignition value is a visual trait, not a canonical capability tag","mechanics artifacts/api-server/src/lib/gameEngine.ts:529; runtime lore artifacts/api-server/src/lib/cardLore.ts:215; canon /Users/chaoscalligraphy/Documents/Lumiane/docs/LUMINAe_UNIFIED_LORE_ARTIFACT_REFERENCE_v1.0.md:1182; lineage /Users/chaoscalligraphy/Documents/Lumiane/docs/LUMINAe_TECHNOLOGY_LINEAGE_MATRIX_v2.0.md","Technology v2 assigns the authoritative Artifact registry and BUILT_ON to @workspace/game-types, but current mechanics remain in api-server CARD_CATALOG and lineage is documentation-only.","PARTIAL","Evidence confidence: strong runtime mechanics/lore and partial canon consolidation. Core identity is coherent, but capability tags and runtime lineage are absent; depiction is presentation-derived."
"t1e04","1","Climate Seed Die","Climate Seed Die","verdance","F0/C3/V0/A0/R0","0","Repeatable climate-repair patterning","Fabrication Tool / Biotech Module","Foundation; no lower-tier Built On","runtime role: climate repair patterning | runtime families: Planetary Cradle Engine; Ecumenopolis Lattice","tabletop (derived from current lore/art)","restorative biosphere civilization","trait=biosphere; motif=seed; bespoke=none","none; current biosphere value is a visual trait, not a canonical capability tag","mechanics artifacts/api-server/src/lib/gameEngine.ts:530; runtime lore artifacts/api-server/src/lib/cardLore.ts:222; canon /Users/chaoscalligraphy/Documents/Lumiane/docs/LUMINAe_UNIFIED_LORE_ARTIFACT_REFERENCE_v1.0.md:1183; lineage /Users/chaoscalligraphy/Documents/Lumiane/docs/LUMINAe_TECHNOLOGY_LINEAGE_MATRIX_v2.0.md","Technology v2 assigns the authoritative Artifact registry and BUILT_ON to @workspace/game-types, but current mechanics remain in api-server CARD_CATALOG and lineage is documentation-only.","PARTIAL","Evidence confidence: strong runtime mechanics/lore and partial canon consolidation. Core identity is coherent, but capability tags and runtime lineage are absent; depiction is presentation-derived."
"t1e05","1","Facetcell Shard","Facetcell Shard","verdance","F2/C0/V0/A0/R2","0","Biological optical computation","Material / Biotech Module","Foundation; no lower-tier Built On","runtime role: cellular optical computation | runtime families: Planetary Cradle Engine; Matrioshka Mind precursor","macro (derived from current lore/art)","crystalline cell ecology","trait=replication; motif=prism; bespoke=none","none; current replication value is a visual trait, not a canonical capability tag","mechanics artifacts/api-server/src/lib/gameEngine.ts:531; runtime lore artifacts/api-server/src/lib/cardLore.ts:229; canon /Users/chaoscalligraphy/Documents/Lumiane/docs/LUMINAe_UNIFIED_LORE_ARTIFACT_REFERENCE_v1.0.md:1184; lineage /Users/chaoscalligraphy/Documents/Lumiane/docs/LUMINAe_TECHNOLOGY_LINEAGE_MATRIX_v2.0.md","Technology v2 assigns the authoritative Artifact registry and BUILT_ON to @workspace/game-types, but current mechanics remain in api-server CARD_CATALOG and lineage is documentation-only.","PARTIAL","Evidence confidence: strong runtime mechanics/lore and partial canon consolidation. Core identity is coherent, but capability tags and runtime lineage are absent; depiction is presentation-derived."
"t1e06","1","Decay Lattice","Decay Lattice","verdance","F0/C1/V0/A1/R2","0","Managed decomposition","Biotech Module / Protocol","Foundation; no lower-tier Built On","runtime role: managed decomposition | runtime families: Planetary Cradle Engine; Spiral Ecology Mesh precursor","macro (derived from current lore/art)","recycler biosphere civilization","trait=entropy; motif=coil; bespoke=none","none; current entropy value is a visual trait, not a canonical capability tag","mechanics artifacts/api-server/src/lib/gameEngine.ts:532; runtime lore artifacts/api-server/src/lib/cardLore.ts:236; canon /Users/chaoscalligraphy/Documents/Lumiane/docs/LUMINAe_UNIFIED_LORE_ARTIFACT_REFERENCE_v1.0.md:1185; lineage /Users/chaoscalligraphy/Documents/Lumiane/docs/LUMINAe_TECHNOLOGY_LINEAGE_MATRIX_v2.0.md","Technology v2 assigns the authoritative Artifact registry and BUILT_ON to @workspace/game-types, but current mechanics remain in api-server CARD_CATALOG and lineage is documentation-only.","PARTIAL","Evidence confidence: strong runtime mechanics/lore and partial canon consolidation. Core identity is coherent, but capability tags and runtime lineage are absent; depiction is presentation-derived."
"t1e07","1","Lichen Vein","Lichen Vein","verdance","F0/C0/V0/A2/R1","0","Self-healing stone/life interfaces","Biotech Module / Interface","Foundation; no lower-tier Built On","runtime role: stone-life integration | runtime families: Ecumenopolis Lattice; Mantle-to-Orbit Foundry","macro (derived from current lore/art)","urban symbiosis civilization","trait=biosphere; motif=seed; bespoke=none","none; current biosphere value is a visual trait, not a canonical capability tag","mechanics artifacts/api-server/src/lib/gameEngine.ts:533; runtime lore artifacts/api-server/src/lib/cardLore.ts:243; canon /Users/chaoscalligraphy/Documents/Lumiane/docs/LUMINAe_UNIFIED_LORE_ARTIFACT_REFERENCE_v1.0.md:1186; lineage /Users/chaoscalligraphy/Documents/Lumiane/docs/LUMINAe_TECHNOLOGY_LINEAGE_MATRIX_v2.0.md","Technology v2 assigns the authoritative Artifact registry and BUILT_ON to @workspace/game-types, but current mechanics remain in api-server CARD_CATALOG and lineage is documentation-only.","PARTIAL","Evidence confidence: strong runtime mechanics/lore and partial canon consolidation. Core identity is coherent, but capability tags and runtime lineage are absent; depiction is presentation-derived."
"t1e08","1","Necrobloom Bed","Necrobloom Bed","verdance","F0/C0/V0/A4/R0","1","Reactivation of inert biome material","Biotech Module / Archive","Foundation; no lower-tier Built On","runtime role: dead-biome reactivation | runtime families: Planetary Cradle Engine; Spiral Ecology Mesh precursor","tabletop (derived from current lore/art)","thanatological ecology","trait=biosphere; motif=coil; bespoke=none","none; current biosphere value is a visual trait, not a canonical capability tag","mechanics artifacts/api-server/src/lib/gameEngine.ts:534; runtime lore artifacts/api-server/src/lib/cardLore.ts:256; canon /Users/chaoscalligraphy/Documents/Lumiane/docs/LUMINAe_UNIFIED_LORE_ARTIFACT_REFERENCE_v1.0.md:1187; lineage /Users/chaoscalligraphy/Documents/Lumiane/docs/LUMINAe_TECHNOLOGY_LINEAGE_MATRIX_v2.0.md","Technology v2 assigns the authoritative Artifact registry and BUILT_ON to @workspace/game-types, but current mechanics remain in api-server CARD_CATALOG and lineage is documentation-only.","PARTIAL","Evidence confidence: strong runtime mechanics/lore and partial canon consolidation. Core identity is coherent, but capability tags and runtime lineage are absent; depiction is presentation-derived."
"t1o01","1","Entropy Veil","Entropy Veil","abyss","F0/C1/V1/A0/R1","0","Temporary concealment of decay signatures","Defense / Shielding","Foundation; no lower-tier Built On","runtime role: decay masking | runtime families: Worldshield Covenant; Heliopause Bastion precursor | runtime exact component: Worldshield Covenant | v2 specified component: Worldshield Covenant","tabletop (derived from current lore/art)","hidden-survival civilization","trait=veil; motif=seal; bespoke=none","none; current veil value is a visual trait, not a canonical capability tag","mechanics artifacts/api-server/src/lib/gameEngine.ts:536; runtime lore artifacts/api-server/src/lib/cardLore.ts:264; canon /Users/chaoscalligraphy/Documents/Lumiane/docs/LUMINAe_UNIFIED_LORE_ARTIFACT_REFERENCE_v1.0.md:1188; lineage /Users/chaoscalligraphy/Documents/Lumiane/docs/LUMINAe_TECHNOLOGY_LINEAGE_MATRIX_v2.0.md","Technology v2 assigns the authoritative Artifact registry and BUILT_ON to @workspace/game-types, but current mechanics remain in api-server CARD_CATALOG and lineage is documentation-only.","PARTIAL","Evidence confidence: strong runtime mechanics/lore and partial canon consolidation. Core identity is coherent, but capability tags and runtime lineage are absent; depiction is presentation-derived."
"t1o02","1","Horizon Lantern","Horizon Lantern","abyss","F0/C1/V0/A0/R2","0","Warning at dangerous physical boundaries","Sensor / Observatory","Foundation; no lower-tier Built On","runtime role: dangerous boundary detection | runtime families: Dark-Sector Observatory precursor; Worldshield Covenant","tabletop (derived from current lore/art)","horizon observer culture","trait=aperture; motif=prism; bespoke=none","none; current aperture value is a visual trait, not a canonical capability tag","mechanics artifacts/api-server/src/lib/gameEngine.ts:537; runtime lore artifacts/api-server/src/lib/cardLore.ts:271; canon /Users/chaoscalligraphy/Documents/Lumiane/docs/LUMINAe_UNIFIED_LORE_ARTIFACT_REFERENCE_v1.0.md:1189; lineage /Users/chaoscalligraphy/Documents/Lumiane/docs/LUMINAe_TECHNOLOGY_LINEAGE_MATRIX_v2.0.md","Technology v2 assigns the authoritative Artifact registry and BUILT_ON to @workspace/game-types, but current mechanics remain in api-server CARD_CATALOG and lineage is documentation-only.","PARTIAL","Evidence confidence: strong runtime mechanics/lore and partial canon consolidation. Core identity is coherent, but capability tags and runtime lineage are absent; depiction is presentation-derived."
"t1o03","1","Ashen Hollow","Ashen Hollow","abyss","F1/C0/V1/A0/R1","0","Archiving the shape of destroyed objects","Containment / Archive","Foundation; no lower-tier Built On","runtime role: absence preserving imprint | runtime families: Worldshield Covenant; Spiral-Arm Archive precursor","room (derived from current lore/art)","ash-memory civilization","trait=entropy; motif=vessel; bespoke=none","none; current entropy value is a visual trait, not a canonical capability tag","mechanics artifacts/api-server/src/lib/gameEngine.ts:538; runtime lore artifacts/api-server/src/lib/cardLore.ts:278; canon /Users/chaoscalligraphy/Documents/Lumiane/docs/LUMINAe_UNIFIED_LORE_ARTIFACT_REFERENCE_v1.0.md:1190; lineage /Users/chaoscalligraphy/Documents/Lumiane/docs/LUMINAe_TECHNOLOGY_LINEAGE_MATRIX_v2.0.md","Technology v2 assigns the authoritative Artifact registry and BUILT_ON to @workspace/game-types, but current mechanics remain in api-server CARD_CATALOG and lineage is documentation-only.","PARTIAL","Evidence confidence: strong runtime mechanics/lore and partial canon consolidation. Core identity is coherent, but capability tags and runtime lineage are absent; depiction is presentation-derived."
"t1o04","1","Undergrowth Silencer","Undergrowth Silencer","abyss","F0/C0/V2/A1/R0","0","Biological signal suppression","Defense / Concealment","Foundation; no lower-tier Built On","runtime role: biological noise suppression | runtime families: Worldshield Covenant; Spiral Ecology Mesh precursor","macro (derived from current lore/art)","hidden root civilization","trait=veil; motif=coil; bespoke=none","none; current veil value is a visual trait, not a canonical capability tag","mechanics artifacts/api-server/src/lib/gameEngine.ts:539; runtime lore artifacts/api-server/src/lib/cardLore.ts:285; canon /Users/chaoscalligraphy/Documents/Lumiane/docs/LUMINAe_UNIFIED_LORE_ARTIFACT_REFERENCE_v1.0.md:1191; lineage /Users/chaoscalligraphy/Documents/Lumiane/docs/LUMINAe_TECHNOLOGY_LINEAGE_MATRIX_v2.0.md","Technology v2 assigns the authoritative Artifact registry and BUILT_ON to @workspace/game-types, but current mechanics remain in api-server CARD_CATALOG and lineage is documentation-only.","PARTIAL","Evidence confidence: strong runtime mechanics/lore and partial canon consolidation. Core identity is coherent, but capability tags and runtime lineage are absent; depiction is presentation-derived."
"t1o05","1","Blackglass Forge Die","Blackglass Forge Die","abyss","F2/C1/V0/A0/R0","0","Precision fabrication in vacuum","Fabrication Tool / Material","Foundation; no lower-tier Built On","runtime role: vacuum-stable precision forming | runtime families: Mantle-to-Orbit Foundry; Galactic Relic Forge precursor | runtime exact component: Mantle-to-Orbit Foundry | v2 specified component: Mantle-to-Orbit Foundry","tabletop (derived from current lore/art)","vacuum manufacturing civilization","trait=replication; motif=prism; bespoke=none","none; current replication value is a visual trait, not a canonical capability tag","mechanics artifacts/api-server/src/lib/gameEngine.ts:540; runtime lore artifacts/api-server/src/lib/cardLore.ts:292; canon /Users/chaoscalligraphy/Documents/Lumiane/docs/LUMINAe_UNIFIED_LORE_ARTIFACT_REFERENCE_v1.0.md:1192; lineage /Users/chaoscalligraphy/Documents/Lumiane/docs/LUMINAe_TECHNOLOGY_LINEAGE_MATRIX_v2.0.md","Technology v2 assigns the authoritative Artifact registry and BUILT_ON to @workspace/game-types, but current mechanics remain in api-server CARD_CATALOG and lineage is documentation-only. Historical v0.4 names Scorch-Erasure Seal; runtime and Blueprint v2 use Blackglass Forge Die.","PARTIAL","Evidence confidence: strong runtime mechanics/lore and partial canon consolidation. Core identity is coherent, but capability tags and runtime lineage are absent; depiction is presentation-derived."
"t1o06","1","Decay Network","Decay Network","abyss","F0/C2/V2/A0/R0","0","Routing decomposition products to need","Protocol / Biotech Module","Foundation; no lower-tier Built On","runtime role: distributed decomposition routing | runtime families: Planetary Cradle Engine; Spiral Ecology Mesh precursor","macro (derived from current lore/art)","subsurface recycler civilization","trait=entropy; motif=vessel; bespoke=none","none; current entropy value is a visual trait, not a canonical capability tag","mechanics artifacts/api-server/src/lib/gameEngine.ts:541; runtime lore artifacts/api-server/src/lib/cardLore.ts:306; canon /Users/chaoscalligraphy/Documents/Lumiane/docs/LUMINAe_UNIFIED_LORE_ARTIFACT_REFERENCE_v1.0.md:1193; lineage /Users/chaoscalligraphy/Documents/Lumiane/docs/LUMINAe_TECHNOLOGY_LINEAGE_MATRIX_v2.0.md","Technology v2 assigns the authoritative Artifact registry and BUILT_ON to @workspace/game-types, but current mechanics remain in api-server CARD_CATALOG and lineage is documentation-only.","PARTIAL","Evidence confidence: strong runtime mechanics/lore and partial canon consolidation. Core identity is coherent, but capability tags and runtime lineage are absent; depiction is presentation-derived."
"t1o07","1","Absence Shard","Absence Shard","abyss","F1/C0/V0/A1/R2","0","Metrology against stable negative space","Material / Sensor","Foundation; no lower-tier Built On","runtime role: negative-space reference material | runtime families: Dark-Sector Observatory precursor; Worldshield Covenant","macro (derived from current lore/art)","absence mathematician culture","trait=veil; motif=prism; bespoke=none","none; current veil value is a visual trait, not a canonical capability tag","mechanics artifacts/api-server/src/lib/gameEngine.ts:542; runtime lore artifacts/api-server/src/lib/cardLore.ts:313; canon /Users/chaoscalligraphy/Documents/Lumiane/docs/LUMINAe_UNIFIED_LORE_ARTIFACT_REFERENCE_v1.0.md:1194; lineage /Users/chaoscalligraphy/Documents/Lumiane/docs/LUMINAe_TECHNOLOGY_LINEAGE_MATRIX_v2.0.md","Technology v2 assigns the authoritative Artifact registry and BUILT_ON to @workspace/game-types, but current mechanics remain in api-server CARD_CATALOG and lineage is documentation-only.","PARTIAL","Evidence confidence: strong runtime mechanics/lore and partial canon consolidation. Core identity is coherent, but capability tags and runtime lineage are absent; depiction is presentation-derived."
"t1o08","1","Temporal Erasure Seal","Temporal Erasure Seal","abyss","F0/C4/V0/A0/R0","1","Bounded, auditable record redaction","Protocol / Archive","Foundation; no lower-tier Built On","runtime role: limited record redaction | runtime families: Causality Audit Court precursor; Worldshield Covenant","tabletop (derived from current lore/art)","protective secrecy civilization","trait=chronology; motif=archive; bespoke=none","none; current chronology value is a visual trait, not a canonical capability tag","mechanics artifacts/api-server/src/lib/gameEngine.ts:543; runtime lore artifacts/api-server/src/lib/cardLore.ts:320; canon /Users/chaoscalligraphy/Documents/Lumiane/docs/LUMINAe_UNIFIED_LORE_ARTIFACT_REFERENCE_v1.0.md:1195; lineage /Users/chaoscalligraphy/Documents/Lumiane/docs/LUMINAe_TECHNOLOGY_LINEAGE_MATRIX_v2.0.md","Technology v2 assigns the authoritative Artifact registry and BUILT_ON to @workspace/game-types, but current mechanics remain in api-server CARD_CATALOG and lineage is documentation-only.","PARTIAL","Evidence confidence: strong runtime mechanics/lore and partial canon consolidation. Core identity is coherent, but capability tags and runtime lineage are absent; depiction is presentation-derived."
"t1p01","1","Correction Seed","Correction Seed","radiance","F1/C1/V0/A1/R0","0","Error correction in growth and civic rules","Protocol / Biotech Module","Foundation; no lower-tier Built On","runtime role: error correction in growth or law | runtime families: Planetary Cradle Engine; Ecumenopolis Lattice","macro (derived from current lore/art)","restorative civic biology","trait=replication; motif=prism; bespoke=none","none; current replication value is a visual trait, not a canonical capability tag","mechanics artifacts/api-server/src/lib/gameEngine.ts:545; runtime lore artifacts/api-server/src/lib/cardLore.ts:328; canon /Users/chaoscalligraphy/Documents/Lumiane/docs/LUMINAe_UNIFIED_LORE_ARTIFACT_REFERENCE_v1.0.md:1196; lineage /Users/chaoscalligraphy/Documents/Lumiane/docs/LUMINAe_TECHNOLOGY_LINEAGE_MATRIX_v2.0.md","Technology v2 assigns the authoritative Artifact registry and BUILT_ON to @workspace/game-types, but current mechanics remain in api-server CARD_CATALOG and lineage is documentation-only.","PARTIAL","Evidence confidence: strong runtime mechanics/lore and partial canon consolidation. Core identity is coherent, but capability tags and runtime lineage are absent; depiction is presentation-derived."
"t1p02","1","Still-Point Shard","Still-Point Shard","radiance","F0/C1/V0/A2/R0","0","Local equilibrium stabilization","Control Instrument / Stabilization","Foundation; no lower-tier Built On","runtime role: local equilibrium anchor | runtime families: Worldshield Covenant; Causality Audit Court precursor","macro (derived from current lore/art)","equilibrium civic culture","trait=containment; motif=prism; bespoke=none","none; current containment value is a visual trait, not a canonical capability tag","mechanics artifacts/api-server/src/lib/gameEngine.ts:546; runtime lore artifacts/api-server/src/lib/cardLore.ts:335; canon /Users/chaoscalligraphy/Documents/Lumiane/docs/LUMINAe_UNIFIED_LORE_ARTIFACT_REFERENCE_v1.0.md:1197; lineage /Users/chaoscalligraphy/Documents/Lumiane/docs/LUMINAe_TECHNOLOGY_LINEAGE_MATRIX_v2.0.md","Technology v2 assigns the authoritative Artifact registry and BUILT_ON to @workspace/game-types, but current mechanics remain in api-server CARD_CATALOG and lineage is documentation-only.","PARTIAL","Evidence confidence: strong runtime mechanics/lore and partial canon consolidation. Core identity is coherent, but capability tags and runtime lineage are absent; depiction is presentation-derived."
"t1p03","1","Prismatic Hollow","Prismatic Hollow","radiance","F1/C0/V1/A1/R0","0","Separating conflicting truth signals","Interface / Sensor","Foundation; no lower-tier Built On","runtime role: truth-sorting aperture | runtime families: Worldshield Covenant; Dark-Sector Observatory precursor","tabletop (derived from current lore/art)","revelatory optics civilization","trait=aperture; motif=prism; bespoke=none","none; current aperture value is a visual trait, not a canonical capability tag","mechanics artifacts/api-server/src/lib/gameEngine.ts:547; runtime lore artifacts/api-server/src/lib/cardLore.ts:342; canon /Users/chaoscalligraphy/Documents/Lumiane/docs/LUMINAe_UNIFIED_LORE_ARTIFACT_REFERENCE_v1.0.md:1198; lineage /Users/chaoscalligraphy/Documents/Lumiane/docs/LUMINAe_TECHNOLOGY_LINEAGE_MATRIX_v2.0.md","Technology v2 assigns the authoritative Artifact registry and BUILT_ON to @workspace/game-types, but current mechanics remain in api-server CARD_CATALOG and lineage is documentation-only.","PARTIAL","Evidence confidence: strong runtime mechanics/lore and partial canon consolidation. Core identity is coherent, but capability tags and runtime lineage are absent; depiction is presentation-derived."
"t1p04","1","Magnetic Bottle","Magnetic Bottle","radiance","F2/C0/V0/A0/R1","0","Plasma and field containment","Containment / Power Component","Foundation; no lower-tier Built On","runtime role: plasma or field containment | runtime families: Starlift Foundry precursor; Mantle-to-Orbit Foundry | runtime exact component: Antimatter Detonator | v2 specified component: Antimatter Detonator","tabletop (derived from current lore/art)","field-containment culture","trait=containment; motif=vessel; bespoke=magnetic_bottle","none; current containment value is a visual trait, not a canonical capability tag","mechanics artifacts/api-server/src/lib/gameEngine.ts:548; runtime lore artifacts/api-server/src/lib/cardLore.ts:349; canon /Users/chaoscalligraphy/Documents/Lumiane/docs/LUMINAe_UNIFIED_LORE_ARTIFACT_REFERENCE_v1.0.md:1199; lineage /Users/chaoscalligraphy/Documents/Lumiane/docs/LUMINAe_TECHNOLOGY_LINEAGE_MATRIX_v2.0.md","Technology v2 assigns the authoritative Artifact registry and BUILT_ON to @workspace/game-types, but current mechanics remain in api-server CARD_CATALOG and lineage is documentation-only.","PARTIAL","Evidence confidence: strong runtime mechanics/lore and partial canon consolidation. Core identity is coherent, but capability tags and runtime lineage are absent; depiction is presentation-derived."
"t1p05","1","Recursive Lens","Recursive Lens","radiance","F0/C2/V0/A0/R2","0","Self-auditing observation","Sensor / Protocol","Foundation; no lower-tier Built On","runtime role: self-auditing perception | runtime families: Causality Audit Court precursor; Matrioshka Mind precursor | v2 specified component: Ascension Registry","tabletop (derived from current lore/art)","self-correcting optics culture","trait=chronology; motif=prism; bespoke=none","none; current chronology value is a visual trait, not a canonical capability tag","mechanics artifacts/api-server/src/lib/gameEngine.ts:549; runtime lore artifacts/api-server/src/lib/cardLore.ts:356; canon /Users/chaoscalligraphy/Documents/Lumiane/docs/LUMINAe_UNIFIED_LORE_ARTIFACT_REFERENCE_v1.0.md:1200; lineage /Users/chaoscalligraphy/Documents/Lumiane/docs/LUMINAe_TECHNOLOGY_LINEAGE_MATRIX_v2.0.md","Technology v2 assigns the authoritative Artifact registry and BUILT_ON to @workspace/game-types, but current mechanics remain in api-server CARD_CATALOG and lineage is documentation-only.","PARTIAL","Evidence confidence: strong runtime mechanics/lore and partial canon consolidation. Core identity is coherent, but capability tags and runtime lineage are absent; depiction is presentation-derived."
"t1p06","1","Living Lattice Node","Living Lattice Node","radiance","F1/C0/V1/A0/R2","0","Decentralized civic-infrastructure repair","Biotech Module / Civic Signal","Foundation; no lower-tier Built On","runtime role: living civic coordination node | runtime families: Ecumenopolis Lattice; Galactic Concordance Engine precursor | runtime exact component: Worldshield Covenant | v2 specified component: Worldshield Covenant","macro (derived from current lore/art)","dense civic ecology","trait=lattice; motif=organ; bespoke=none","none; current lattice value is a visual trait, not a canonical capability tag","mechanics artifacts/api-server/src/lib/gameEngine.ts:550; runtime lore artifacts/api-server/src/lib/cardLore.ts:363; canon /Users/chaoscalligraphy/Documents/Lumiane/docs/LUMINAe_UNIFIED_LORE_ARTIFACT_REFERENCE_v1.0.md:1201; lineage /Users/chaoscalligraphy/Documents/Lumiane/docs/LUMINAe_TECHNOLOGY_LINEAGE_MATRIX_v2.0.md","Technology v2 assigns the authoritative Artifact registry and BUILT_ON to @workspace/game-types, but current mechanics remain in api-server CARD_CATALOG and lineage is documentation-only.","PARTIAL","Evidence confidence: strong runtime mechanics/lore and partial canon consolidation. Core identity is coherent, but capability tags and runtime lineage are absent; depiction is presentation-derived."
"t1p07","1","Void Prism","Void Prism","radiance","F0/C0/V1/A2/R1","0","Rendering hidden void states legible","Sensor / Interface","Foundation; no lower-tier Built On","runtime role: illumination of hidden void states | runtime families: Dark-Sector Observatory precursor; Worldshield Covenant","tabletop (derived from current lore/art)","hidden sun civilization","trait=aperture; motif=prism; bespoke=none","none; current aperture value is a visual trait, not a canonical capability tag","mechanics artifacts/api-server/src/lib/gameEngine.ts:551; runtime lore artifacts/api-server/src/lib/cardLore.ts:370; canon /Users/chaoscalligraphy/Documents/Lumiane/docs/LUMINAe_UNIFIED_LORE_ARTIFACT_REFERENCE_v1.0.md:1202; lineage /Users/chaoscalligraphy/Documents/Lumiane/docs/LUMINAe_TECHNOLOGY_LINEAGE_MATRIX_v2.0.md","Technology v2 assigns the authoritative Artifact registry and BUILT_ON to @workspace/game-types, but current mechanics remain in api-server CARD_CATALOG and lineage is documentation-only.","PARTIAL","Evidence confidence: strong runtime mechanics/lore and partial canon consolidation. Core identity is coherent, but capability tags and runtime lineage are absent; depiction is presentation-derived."
"t1p08","1","Petrified Bloom","Petrified Bloom","radiance","F0/C0/V4/A0/R0","1","Preserved biological pattern reference","Archive / Material","Foundation; no lower-tier Built On","runtime role: preserved life-pattern reference | runtime families: Planetary Cradle Engine; Spiral-Arm Archive precursor","tabletop (derived from current lore/art)","fossil civic ecology","trait=biosphere; motif=seed; bespoke=none","none; current biosphere value is a visual trait, not a canonical capability tag","mechanics artifacts/api-server/src/lib/gameEngine.ts:552; runtime lore artifacts/api-server/src/lib/cardLore.ts:377; canon /Users/chaoscalligraphy/Documents/Lumiane/docs/LUMINAe_UNIFIED_LORE_ARTIFACT_REFERENCE_v1.0.md:1203; lineage /Users/chaoscalligraphy/Documents/Lumiane/docs/LUMINAe_TECHNOLOGY_LINEAGE_MATRIX_v2.0.md","Technology v2 assigns the authoritative Artifact registry and BUILT_ON to @workspace/game-types, but current mechanics remain in api-server CARD_CATALOG and lineage is documentation-only.","PARTIAL","Evidence confidence: strong runtime mechanics/lore and partial canon consolidation. Core identity is coherent, but capability tags and runtime lineage are absent; depiction is presentation-derived."
"t2r01","2","Stellar Crucible","Stellar Crucible","flare","F0/C2/V0/A3/R2","1","Processing star-sourced exotic material","Fabrication Tool / Containment","t1s04 + t1o05 + t1p04","runtime role: star-powered materials processing | runtime families: Starlift Foundry; Galactic Relic Forge precursor","room (derived from current lore/art)","stellar industrial civilization","trait=ignition; motif=vessel; bespoke=magnetic_bottle","none; current ignition value is a visual trait, not a canonical capability tag","mechanics artifacts/api-server/src/lib/gameEngine.ts:556; runtime lore artifacts/api-server/src/lib/cardLore.ts:391; canon /Users/chaoscalligraphy/Documents/Lumiane/docs/LUMINAe_UNIFIED_LORE_ARTIFACT_REFERENCE_v1.0.md:1209; lineage /Users/chaoscalligraphy/Documents/Lumiane/docs/LUMINAe_TECHNOLOGY_LINEAGE_MATRIX_v2.0.md","Technology v2 assigns the authoritative Artifact registry and BUILT_ON to @workspace/game-types, but current mechanics remain in api-server CARD_CATALOG and lineage is documentation-only.","PARTIAL","Evidence confidence: strong runtime mechanics/lore and partial canon consolidation. Core identity is coherent, but capability tags and runtime lineage are absent; depiction is presentation-derived."
"t2r02","2","Biomass Ignition Index","Biomass Ignition Index","flare","F0/C1/V4/A2/R0","2","Safe sequencing of habitat-scale bioenergy","Protocol / Biotech Module","t1s04 + t1e06 + t1o06","runtime role: controlled bioenergy sequencing | runtime families: Heliosphere Weather Loom; Arkseed Migration Fleet","tabletop (derived from current lore/art)","star-fed biosphere culture","trait=ignition; motif=prism; bespoke=none","none; current ignition value is a visual trait, not a canonical capability tag","mechanics artifacts/api-server/src/lib/gameEngine.ts:557; runtime lore artifacts/api-server/src/lib/cardLore.ts:398; canon /Users/chaoscalligraphy/Documents/Lumiane/docs/LUMINAe_UNIFIED_LORE_ARTIFACT_REFERENCE_v1.0.md:1210; lineage /Users/chaoscalligraphy/Documents/Lumiane/docs/LUMINAe_TECHNOLOGY_LINEAGE_MATRIX_v2.0.md","Technology v2 assigns the authoritative Artifact registry and BUILT_ON to @workspace/game-types, but current mechanics remain in api-server CARD_CATALOG and lineage is documentation-only.","PARTIAL","Evidence confidence: strong runtime mechanics/lore and partial canon consolidation. Core identity is coherent, but capability tags and runtime lineage are absent; depiction is presentation-derived."
"t2r03","2","Starlift Nozzle","Starlift Nozzle","flare","F3/C0/V0/A0/R3","2","Controlled extraction of stellar matter","Control Instrument / Containment","t1r01 + t1r07 + t1p04","runtime role: stellar matter extraction | runtime families: Starlift Foundry","room (derived from current lore/art)","pressure-harvesting industrial civilization","trait=transit; motif=forge; bespoke=magnetic_bottle","none; current transit value is a visual trait, not a canonical capability tag","mechanics artifacts/api-server/src/lib/gameEngine.ts:558; runtime lore artifacts/api-server/src/lib/cardLore.ts:405; canon /Users/chaoscalligraphy/Documents/Lumiane/docs/LUMINAe_UNIFIED_LORE_ARTIFACT_REFERENCE_v1.0.md:1211; lineage /Users/chaoscalligraphy/Documents/Lumiane/docs/LUMINAe_TECHNOLOGY_LINEAGE_MATRIX_v2.0.md","Technology v2 assigns the authoritative Artifact registry and BUILT_ON to @workspace/game-types, but current mechanics remain in api-server CARD_CATALOG and lineage is documentation-only.","PARTIAL","Evidence confidence: strong runtime mechanics/lore and partial canon consolidation. Core identity is coherent, but capability tags and runtime lineage are absent; depiction is presentation-derived."
"t2r04","2","Photosynthetic Furnace Wick","Photosynthetic Furnace Wick","flare","F2/C0/V2/A0/R2","1","Habitat-scale biological energy conversion","Biotech Module / Power Component","t1r06 + t1e05 + t1p01","runtime role: habitat-scale light-to-heat conversion | runtime families: Heliosphere Weather Loom; Arkseed Migration Fleet","tabletop (derived from current lore/art)","stellar greenhouse civilization","trait=biosphere; motif=organ; bespoke=none","none; current biosphere value is a visual trait, not a canonical capability tag","mechanics artifacts/api-server/src/lib/gameEngine.ts:559; runtime lore artifacts/api-server/src/lib/cardLore.ts:412; canon /Users/chaoscalligraphy/Documents/Lumiane/docs/LUMINAe_UNIFIED_LORE_ARTIFACT_REFERENCE_v1.0.md:1212; lineage /Users/chaoscalligraphy/Documents/Lumiane/docs/LUMINAe_TECHNOLOGY_LINEAGE_MATRIX_v2.0.md","Technology v2 assigns the authoritative Artifact registry and BUILT_ON to @workspace/game-types, but current mechanics remain in api-server CARD_CATALOG and lineage is documentation-only.","PARTIAL","Evidence confidence: strong runtime mechanics/lore and partial canon consolidation. Core identity is coherent, but capability tags and runtime lineage are absent; depiction is presentation-derived."
"t2r05","2","Causality Furnace Valve","Causality Furnace Valve","flare","F0/C3/V0/A2/R2","2","Consequence-gated stellar energy release","Control Instrument / Protocol","t1s03 + t1o02 + t1p05","runtime role: controlled consequence release | runtime families: Causality Audit Court precursor; Starlift Foundry","macro (derived from current lore/art)","causal-risk engineer civilization","trait=chronology; motif=forge; bespoke=none","none; current chronology value is a visual trait, not a canonical capability tag","mechanics artifacts/api-server/src/lib/gameEngine.ts:560; runtime lore artifacts/api-server/src/lib/cardLore.ts:419; canon /Users/chaoscalligraphy/Documents/Lumiane/docs/LUMINAe_UNIFIED_LORE_ARTIFACT_REFERENCE_v1.0.md:1213; lineage /Users/chaoscalligraphy/Documents/Lumiane/docs/LUMINAe_TECHNOLOGY_LINEAGE_MATRIX_v2.0.md","Technology v2 assigns the authoritative Artifact registry and BUILT_ON to @workspace/game-types, but current mechanics remain in api-server CARD_CATALOG and lineage is documentation-only.","PARTIAL","Evidence confidence: strong runtime mechanics/lore and partial canon consolidation. Core identity is coherent, but capability tags and runtime lineage are absent; depiction is presentation-derived."
"t2r06","2","Entropy Sink Crucible","Entropy Sink Crucible","flare","F0/C0/V0/A5/R0","2","Recovery of stellar waste heat","Power Component / Thermal Control","t1o05 + t1o06 + t1o07","runtime role: waste heat capture | runtime families: Dyson Swarm; Matrioshka Mind","room (derived from current lore/art)","thermal accountant civilization","trait=entropy; motif=vessel; bespoke=entropy_baffle","none; current entropy value is a visual trait, not a canonical capability tag","mechanics artifacts/api-server/src/lib/gameEngine.ts:561; runtime lore artifacts/api-server/src/lib/cardLore.ts:426; canon /Users/chaoscalligraphy/Documents/Lumiane/docs/LUMINAe_UNIFIED_LORE_ARTIFACT_REFERENCE_v1.0.md:1214; lineage /Users/chaoscalligraphy/Documents/Lumiane/docs/LUMINAe_TECHNOLOGY_LINEAGE_MATRIX_v2.0.md","Technology v2 assigns the authoritative Artifact registry and BUILT_ON to @workspace/game-types, but current mechanics remain in api-server CARD_CATALOG and lineage is documentation-only.","PARTIAL","Evidence confidence: strong runtime mechanics/lore and partial canon consolidation. Core identity is coherent, but capability tags and runtime lineage are absent; depiction is presentation-derived."
"t2s01","2","Interstice Gate Seed","Interstice Gate Seed","continuum","F2/C0/V3/A0/R2","1","Safe initialization of future gate sites","Interface / Transit Component","t1r04 + t1e01 + t1p02","runtime role: gate-site initialization | runtime families: Wormgate Spine precursor; Arkseed Migration Fleet","macro (derived from current lore/art)","route-planner civilization","trait=aperture; motif=seed; bespoke=none","none; current aperture value is a visual trait, not a canonical capability tag","mechanics artifacts/api-server/src/lib/gameEngine.ts:563; runtime lore artifacts/api-server/src/lib/cardLore.ts:440; canon /Users/chaoscalligraphy/Documents/Lumiane/docs/LUMINAe_UNIFIED_LORE_ARTIFACT_REFERENCE_v1.0.md:1215; lineage /Users/chaoscalligraphy/Documents/Lumiane/docs/LUMINAe_TECHNOLOGY_LINEAGE_MATRIX_v2.0.md","Technology v2 assigns the authoritative Artifact registry and BUILT_ON to @workspace/game-types, but current mechanics remain in api-server CARD_CATALOG and lineage is documentation-only.","PARTIAL","Evidence confidence: strong runtime mechanics/lore and partial canon consolidation. Core identity is coherent, but capability tags and runtime lineage are absent; depiction is presentation-derived."
"t2s02","2","Storm-Memory Filament","Storm-Memory Filament","continuum","F4/C0/V0/A2/R1","2","Tamper-resistant stellar-weather memory","Archive / Sensor","t1r03 + t1o08 + t1p03","runtime role: stellar weather memory | runtime families: Heliosphere Weather Loom; Matrioshka Mind","macro (derived from current lore/art)","heliosphere archivist culture","trait=archive; motif=coil; bespoke=none","none; current archive value is a visual trait, not a canonical capability tag","mechanics artifacts/api-server/src/lib/gameEngine.ts:564; runtime lore artifacts/api-server/src/lib/cardLore.ts:447; canon /Users/chaoscalligraphy/Documents/Lumiane/docs/LUMINAe_UNIFIED_LORE_ARTIFACT_REFERENCE_v1.0.md:1216; lineage /Users/chaoscalligraphy/Documents/Lumiane/docs/LUMINAe_TECHNOLOGY_LINEAGE_MATRIX_v2.0.md","Technology v2 assigns the authoritative Artifact registry and BUILT_ON to @workspace/game-types, but current mechanics remain in api-server CARD_CATALOG and lineage is documentation-only.","PARTIAL","Evidence confidence: strong runtime mechanics/lore and partial canon consolidation. Core identity is coherent, but capability tags and runtime lineage are absent; depiction is presentation-derived."
"t2s03","2","Simulation Loom","Simulation Loom","continuum","F0/C3/V0/A0/R3","2","Auditable predictive-model computation","Fabrication Tool / Computation Substrate","t1s05 + t1s07 + t1p05","runtime role: predictive model weaving | runtime families: Matrioshka Mind; Causality Audit Court precursor","room (derived from current lore/art)","simulation guild civilization","trait=chronology; motif=coil; bespoke=none","none; current chronology value is a visual trait, not a canonical capability tag","mechanics artifacts/api-server/src/lib/gameEngine.ts:565; runtime lore artifacts/api-server/src/lib/cardLore.ts:454; canon /Users/chaoscalligraphy/Documents/Lumiane/docs/LUMINAe_UNIFIED_LORE_ARTIFACT_REFERENCE_v1.0.md:1217; lineage /Users/chaoscalligraphy/Documents/Lumiane/docs/LUMINAe_TECHNOLOGY_LINEAGE_MATRIX_v2.0.md","Technology v2 assigns the authoritative Artifact registry and BUILT_ON to @workspace/game-types, but current mechanics remain in api-server CARD_CATALOG and lineage is documentation-only.","PARTIAL","Evidence confidence: strong runtime mechanics/lore and partial canon consolidation. Core identity is coherent, but capability tags and runtime lineage are absent; depiction is presentation-derived."
"t2s04","2","Continuity Vessel","Continuity Vessel","continuum","F0/C0/V2/A0/R3","1","Cultural continuity across separated worlds","Archive / Containment","t1e07 + t1e08 + t1p06","runtime role: identity continuity preservation | runtime families: Arkseed Migration Fleet; Spiral-Arm Archive precursor","tabletop (derived from current lore/art)","migration memory civilization","trait=transit; motif=vessel; bespoke=none","none; current transit value is a visual trait, not a canonical capability tag","mechanics artifacts/api-server/src/lib/gameEngine.ts:566; runtime lore artifacts/api-server/src/lib/cardLore.ts:467; canon /Users/chaoscalligraphy/Documents/Lumiane/docs/LUMINAe_UNIFIED_LORE_ARTIFACT_REFERENCE_v1.0.md:1218; lineage /Users/chaoscalligraphy/Documents/Lumiane/docs/LUMINAe_TECHNOLOGY_LINEAGE_MATRIX_v2.0.md","Technology v2 assigns the authoritative Artifact registry and BUILT_ON to @workspace/game-types, but current mechanics remain in api-server CARD_CATALOG and lineage is documentation-only.","PARTIAL","Evidence confidence: strong runtime mechanics/lore and partial canon consolidation. Core identity is coherent, but capability tags and runtime lineage are absent; depiction is presentation-derived."
"t2s05","2","Mnemosyne Star-Index","Mnemosyne Star-Index","continuum","F5/C0/V0/A0/R0","2","Plural multi-world memory indexing","Archive / Civic Signal Object","t1r03 + t1r08","runtime role: multi-world memory indexing | runtime families: Matrioshka Mind; Spiral-Arm Archive precursor","tabletop (derived from current lore/art)","distributed archive civilization","trait=archive; motif=prism; bespoke=none","none; current archive value is a visual trait, not a canonical capability tag","mechanics artifacts/api-server/src/lib/gameEngine.ts:567; runtime lore artifacts/api-server/src/lib/cardLore.ts:474; canon /Users/chaoscalligraphy/Documents/Lumiane/docs/LUMINAe_UNIFIED_LORE_ARTIFACT_REFERENCE_v1.0.md:1219; lineage /Users/chaoscalligraphy/Documents/Lumiane/docs/LUMINAe_TECHNOLOGY_LINEAGE_MATRIX_v2.0.md","Technology v2 assigns the authoritative Artifact registry and BUILT_ON to @workspace/game-types, but current mechanics remain in api-server CARD_CATALOG and lineage is documentation-only.","PARTIAL","Evidence confidence: strong runtime mechanics/lore and partial canon consolidation. Core identity is coherent, but capability tags and runtime lineage are absent; depiction is presentation-derived."
"t2s06","2","Convergence Lens","Convergence Lens","continuum","F2/C0/V0/A3/R2","2","Detecting false category collapse","Sensor / Interface","t1r04 + t1o07 + t1p03","runtime role: wildcard pressure inspection | runtime families: Singularity Containment Mandala precursor; Causality Audit Court precursor","room (derived from current lore/art)","convergence-risk civilization","trait=accord; motif=prism; bespoke=none","none; current accord value is a visual trait, not a canonical capability tag","mechanics artifacts/api-server/src/lib/gameEngine.ts:568; runtime lore artifacts/api-server/src/lib/cardLore.ts:481; canon /Users/chaoscalligraphy/Documents/Lumiane/docs/LUMINAe_UNIFIED_LORE_ARTIFACT_REFERENCE_v1.0.md:1220; lineage /Users/chaoscalligraphy/Documents/Lumiane/docs/LUMINAe_TECHNOLOGY_LINEAGE_MATRIX_v2.0.md","Technology v2 assigns the authoritative Artifact registry and BUILT_ON to @workspace/game-types, but current mechanics remain in api-server CARD_CATALOG and lineage is documentation-only.","PARTIAL","Evidence confidence: strong runtime mechanics/lore and partial canon consolidation. Core identity is coherent, but capability tags and runtime lineage are absent; depiction is presentation-derived."
"t2e01","2","Solar Immune Organ","Solar Immune Organ","verdance","F3/C2/V0/A0/R2","1","Biosphere adaptation to stellar radiation","Biotech Module / Defense","t1r06 + t1s06 + t1p01","runtime role: radiation adaptation | runtime families: Heliosphere Weather Loom; Arkseed Migration Fleet","macro (derived from current lore/art)","multi-world biosphere civilization","trait=biosphere; motif=organ; bespoke=none","none; current biosphere value is a visual trait, not a canonical capability tag","mechanics artifacts/api-server/src/lib/gameEngine.ts:570; runtime lore artifacts/api-server/src/lib/cardLore.ts:496; canon /Users/chaoscalligraphy/Documents/Lumiane/docs/LUMINAe_UNIFIED_LORE_ARTIFACT_REFERENCE_v1.0.md:1221; lineage /Users/chaoscalligraphy/Documents/Lumiane/docs/LUMINAe_TECHNOLOGY_LINEAGE_MATRIX_v2.0.md","Technology v2 assigns the authoritative Artifact registry and BUILT_ON to @workspace/game-types, but current mechanics remain in api-server CARD_CATALOG and lineage is documentation-only.","PARTIAL","Evidence confidence: strong runtime mechanics/lore and partial canon consolidation. Core identity is coherent, but capability tags and runtime lineage are absent; depiction is presentation-derived."
"t2e02","2","Dormancy Clock Graft","Dormancy Clock Graft","verdance","F2/C4/V0/A1/R0","2","Century-scale habitat dormancy timing","Biotech Module / Archive","t1r03 + t1s08 + t1o01","runtime role: long-cycle dormancy timing | runtime families: Arkseed Migration Fleet; Stellar Nursery Rite","macro (derived from current lore/art)","deep-time biological culture","trait=chronology; motif=organ; bespoke=none","none; current chronology value is a visual trait, not a canonical capability tag","mechanics artifacts/api-server/src/lib/gameEngine.ts:571; runtime lore artifacts/api-server/src/lib/cardLore.ts:503; canon /Users/chaoscalligraphy/Documents/Lumiane/docs/LUMINAe_UNIFIED_LORE_ARTIFACT_REFERENCE_v1.0.md:1222; lineage /Users/chaoscalligraphy/Documents/Lumiane/docs/LUMINAe_TECHNOLOGY_LINEAGE_MATRIX_v2.0.md","Technology v2 assigns the authoritative Artifact registry and BUILT_ON to @workspace/game-types, but current mechanics remain in api-server CARD_CATALOG and lineage is documentation-only.","PARTIAL","Evidence confidence: strong runtime mechanics/lore and partial canon consolidation. Core identity is coherent, but capability tags and runtime lineage are absent; depiction is presentation-derived."
"t2e03","2","Abyssal Culture Flask","Abyssal Culture Flask","verdance","F0/C0/V3/A3/R0","2","Safe cultivation of dark-adapted life","Biotech Module / Containment","t1e02 + t1e08 + t1o03","runtime role: dark-adapted culture growth | runtime families: Heliopause Bastion; Spiral Ecology Mesh precursor","tabletop (derived from current lore/art)","dark-adapted biosphere culture","trait=containment; motif=prism; bespoke=none","none; current containment value is a visual trait, not a canonical capability tag","mechanics artifacts/api-server/src/lib/gameEngine.ts:572; runtime lore artifacts/api-server/src/lib/cardLore.ts:510; canon /Users/chaoscalligraphy/Documents/Lumiane/docs/LUMINAe_UNIFIED_LORE_ARTIFACT_REFERENCE_v1.0.md:1223; lineage /Users/chaoscalligraphy/Documents/Lumiane/docs/LUMINAe_TECHNOLOGY_LINEAGE_MATRIX_v2.0.md","Technology v2 assigns the authoritative Artifact registry and BUILT_ON to @workspace/game-types, but current mechanics remain in api-server CARD_CATALOG and lineage is documentation-only.","PARTIAL","Evidence confidence: strong runtime mechanics/lore and partial canon consolidation. Core identity is coherent, but capability tags and runtime lineage are absent; depiction is presentation-derived."
"t2e04","2","Mycelial Relay Spindle","Mycelial Relay Spindle","verdance","F0/C2/V0/A2/R2","1","Signaling among incompatible living systems","Interface / Biotech Module","t1s06 + t1o04 + t1p06","runtime role: interplanetary biological signaling | runtime families: Arkseed Migration Fleet; Heliosphere Weather Loom","tabletop (derived from current lore/art)","symbiotic signal civilization","trait=biosphere; motif=coil; bespoke=none","none; current biosphere value is a visual trait, not a canonical capability tag","mechanics artifacts/api-server/src/lib/gameEngine.ts:573; runtime lore artifacts/api-server/src/lib/cardLore.ts:517; canon /Users/chaoscalligraphy/Documents/Lumiane/docs/LUMINAe_UNIFIED_LORE_ARTIFACT_REFERENCE_v1.0.md:1224; lineage /Users/chaoscalligraphy/Documents/Lumiane/docs/LUMINAe_TECHNOLOGY_LINEAGE_MATRIX_v2.0.md","Technology v2 assigns the authoritative Artifact registry and BUILT_ON to @workspace/game-types, but current mechanics remain in api-server CARD_CATALOG and lineage is documentation-only.","PARTIAL","Evidence confidence: strong runtime mechanics/lore and partial canon consolidation. Core identity is coherent, but capability tags and runtime lineage are absent; depiction is presentation-derived."
"t2e05","2","Epoch Graft Ledger","Epoch Graft Ledger","verdance","F0/C5/V0/A0/R0","2","Tamper-evident biological era record","Archive / Biotech Module","t1s01 + t1s06 + t1s08","runtime role: biological era-tracking | runtime families: Arkseed Migration Fleet; Spiral-Arm Archive precursor","tabletop (derived from current lore/art)","living chronology civilization","trait=archive; motif=seed; bespoke=none","none; current archive value is a visual trait, not a canonical capability tag","mechanics artifacts/api-server/src/lib/gameEngine.ts:574; runtime lore artifacts/api-server/src/lib/cardLore.ts:524; canon /Users/chaoscalligraphy/Documents/Lumiane/docs/LUMINAe_UNIFIED_LORE_ARTIFACT_REFERENCE_v1.0.md:1225; lineage /Users/chaoscalligraphy/Documents/Lumiane/docs/LUMINAe_TECHNOLOGY_LINEAGE_MATRIX_v2.0.md","Technology v2 assigns the authoritative Artifact registry and BUILT_ON to @workspace/game-types, but current mechanics remain in api-server CARD_CATALOG and lineage is documentation-only.","PARTIAL","Evidence confidence: strong runtime mechanics/lore and partial canon consolidation. Core identity is coherent, but capability tags and runtime lineage are absent; depiction is presentation-derived."
"t2e06","2","Crystal Biome Seedplate","Crystal Biome Seedplate","verdance","F2/C0/V0/A2/R3","2","Seeding crystal-organic habitats","Material / Biotech Module","t1r06 + t1o05 + t1p08","runtime role: crystal-organic habitat seeding | runtime families: Heliosphere Weather Loom; Stellar Nursery Rite","macro (derived from current lore/art)","crystalline ecology civilization","trait=lattice; motif=prism; bespoke=none","none; current lattice value is a visual trait, not a canonical capability tag","mechanics artifacts/api-server/src/lib/gameEngine.ts:575; runtime lore artifacts/api-server/src/lib/cardLore.ts:537; canon /Users/chaoscalligraphy/Documents/Lumiane/docs/LUMINAe_UNIFIED_LORE_ARTIFACT_REFERENCE_v1.0.md:1226; lineage /Users/chaoscalligraphy/Documents/Lumiane/docs/LUMINAe_TECHNOLOGY_LINEAGE_MATRIX_v2.0.md","Technology v2 assigns the authoritative Artifact registry and BUILT_ON to @workspace/game-types, but current mechanics remain in api-server CARD_CATALOG and lineage is documentation-only.","PARTIAL","Evidence confidence: strong runtime mechanics/lore and partial canon consolidation. Core identity is coherent, but capability tags and runtime lineage are absent; depiction is presentation-derived."
"t2o01","2","Horizon Extractor","Horizon Extractor","abyss","F0/C2/V2/A0/R3","1","Sampling dangerous physical boundaries","Sensor / Containment","t1s01 + t1e02 + t1p07","runtime role: boundary-energy sampling | runtime families: Dark-Sector Observatory; Starlift Foundry | runtime exact component: Antimatter Detonator | v2 specified component: Antimatter Detonator","tabletop (derived from current lore/art)","horizon engineer civilization","trait=aperture; motif=forge; bespoke=horizon_extractor","none; current aperture value is a visual trait, not a canonical capability tag","mechanics artifacts/api-server/src/lib/gameEngine.ts:577; runtime lore artifacts/api-server/src/lib/cardLore.ts:551; canon /Users/chaoscalligraphy/Documents/Lumiane/docs/LUMINAe_UNIFIED_LORE_ARTIFACT_REFERENCE_v1.0.md:1227; lineage /Users/chaoscalligraphy/Documents/Lumiane/docs/LUMINAe_TECHNOLOGY_LINEAGE_MATRIX_v2.0.md","Technology v2 assigns the authoritative Artifact registry and BUILT_ON to @workspace/game-types, but current mechanics remain in api-server CARD_CATALOG and lineage is documentation-only.","PARTIAL","Evidence confidence: strong runtime mechanics/lore and partial canon consolidation. Core identity is coherent, but capability tags and runtime lineage are absent; depiction is presentation-derived."
"t2o02","2","Radiant Erasure Casket","Radiant Erasure Casket","abyss","F1/C0/V2/A0/R4","2","Authorized containment of dangerous disclosure","Containment / Protocol","t1r08 + t1e06 + t1p03","runtime role: authorized signal deletion | runtime families: Heliopause Bastion; Worldshield Covenant","macro (derived from current lore/art)","lawful redaction civilization","trait=veil; motif=vessel; bespoke=none","none; current veil value is a visual trait, not a canonical capability tag","mechanics artifacts/api-server/src/lib/gameEngine.ts:578; runtime lore artifacts/api-server/src/lib/cardLore.ts:558; canon /Users/chaoscalligraphy/Documents/Lumiane/docs/LUMINAe_UNIFIED_LORE_ARTIFACT_REFERENCE_v1.0.md:1228; lineage /Users/chaoscalligraphy/Documents/Lumiane/docs/LUMINAe_TECHNOLOGY_LINEAGE_MATRIX_v2.0.md","Technology v2 assigns the authoritative Artifact registry and BUILT_ON to @workspace/game-types, but current mechanics remain in api-server CARD_CATALOG and lineage is documentation-only.","PARTIAL","Evidence confidence: strong runtime mechanics/lore and partial canon consolidation. Core identity is coherent, but capability tags and runtime lineage are absent; depiction is presentation-derived."
"t2o03","2","Entropic Furnace Baffle","Entropic Furnace Baffle","abyss","F3/C0/V0/A3/R0","2","Hiding and reusing stellar waste heat","Thermal Control / Defense","t1r07 + t1o02","runtime role: entropy redirection | runtime families: Starlift Foundry; Matrioshka Mind","room (derived from current lore/art)","waste-heat shadow culture","trait=entropy; motif=vessel; bespoke=entropy_baffle","none; current entropy value is a visual trait, not a canonical capability tag","mechanics artifacts/api-server/src/lib/gameEngine.ts:579; runtime lore artifacts/api-server/src/lib/cardLore.ts:565; canon /Users/chaoscalligraphy/Documents/Lumiane/docs/LUMINAe_UNIFIED_LORE_ARTIFACT_REFERENCE_v1.0.md:1229; lineage /Users/chaoscalligraphy/Documents/Lumiane/docs/LUMINAe_TECHNOLOGY_LINEAGE_MATRIX_v2.0.md","Technology v2 assigns the authoritative Artifact registry and BUILT_ON to @workspace/game-types, but current mechanics remain in api-server CARD_CATALOG and lineage is documentation-only.","PARTIAL","Evidence confidence: strong runtime mechanics/lore and partial canon consolidation. Core identity is coherent, but capability tags and runtime lineage are absent; depiction is presentation-derived."
"t2o04","2","Extinction Forge Die","Extinction Forge Die","abyss","F2/C0/V3/A0/R2","1","Reconstruction tooling derived from failed worlds","Fabrication Tool / Archive","t1r02 + t1e03 + t1p08","runtime role: post-collapse reconstruction tooling | runtime families: Galactic Relic Forge precursor; Spiral-Arm Archive precursor","tabletop (derived from current lore/art)","extinction-survivor culture","trait=replication; motif=archive; bespoke=none","none; current replication value is a visual trait, not a canonical capability tag","mechanics artifacts/api-server/src/lib/gameEngine.ts:580; runtime lore artifacts/api-server/src/lib/cardLore.ts:572; canon /Users/chaoscalligraphy/Documents/Lumiane/docs/LUMINAe_UNIFIED_LORE_ARTIFACT_REFERENCE_v1.0.md:1230; lineage /Users/chaoscalligraphy/Documents/Lumiane/docs/LUMINAe_TECHNOLOGY_LINEAGE_MATRIX_v2.0.md","Technology v2 assigns the authoritative Artifact registry and BUILT_ON to @workspace/game-types, but current mechanics remain in api-server CARD_CATALOG and lineage is documentation-only.","PARTIAL","Evidence confidence: strong runtime mechanics/lore and partial canon consolidation. Core identity is coherent, but capability tags and runtime lineage are absent; depiction is presentation-derived."
"t2o05","2","Eventide Ecology Seal","Eventide Ecology Seal","abyss","F0/C0/V5/A0/R0","2","Graceful ecological shutdown","Protocol / Biotech Module","t1e04 + t1e06 + t1e08","runtime role: managed ecological shutdown | runtime families: Heliosphere Weather Loom; Spiral Ecology Mesh precursor","macro (derived from current lore/art)","twilight ecology civilization","trait=biosphere; motif=organ; bespoke=none","none; current biosphere value is a visual trait, not a canonical capability tag","mechanics artifacts/api-server/src/lib/gameEngine.ts:581; runtime lore artifacts/api-server/src/lib/cardLore.ts:579; canon /Users/chaoscalligraphy/Documents/Lumiane/docs/LUMINAe_UNIFIED_LORE_ARTIFACT_REFERENCE_v1.0.md:1231; lineage /Users/chaoscalligraphy/Documents/Lumiane/docs/LUMINAe_TECHNOLOGY_LINEAGE_MATRIX_v2.0.md","Technology v2 assigns the authoritative Artifact registry and BUILT_ON to @workspace/game-types, but current mechanics remain in api-server CARD_CATALOG and lineage is documentation-only.","PARTIAL","Evidence confidence: strong runtime mechanics/lore and partial canon consolidation. Core identity is coherent, but capability tags and runtime lineage are absent; depiction is presentation-derived."
"t2o06","2","Dimensional Shear Gauge","Dimensional Shear Gauge","abyss","F2/C3/V0/A0/R2","2","Measuring spatial stress before construction","Sensor / Interface","t1r04 + t1s01 + t1p02","runtime role: boundary stress measurement | runtime families: Heliopause Bastion; Wormgate Spine precursor","room (derived from current lore/art)","spatial stress engineer civilization","trait=aperture; motif=coil; bespoke=none","none; current aperture value is a visual trait, not a canonical capability tag","mechanics artifacts/api-server/src/lib/gameEngine.ts:582; runtime lore artifacts/api-server/src/lib/cardLore.ts:586; canon /Users/chaoscalligraphy/Documents/Lumiane/docs/LUMINAe_UNIFIED_LORE_ARTIFACT_REFERENCE_v1.0.md:1232; lineage /Users/chaoscalligraphy/Documents/Lumiane/docs/LUMINAe_TECHNOLOGY_LINEAGE_MATRIX_v2.0.md","Technology v2 assigns the authoritative Artifact registry and BUILT_ON to @workspace/game-types, but current mechanics remain in api-server CARD_CATALOG and lineage is documentation-only.","PARTIAL","Evidence confidence: strong runtime mechanics/lore and partial canon consolidation. Core identity is coherent, but capability tags and runtime lineage are absent; depiction is presentation-derived."
"t2p01","2","Containment Lattice","Containment Lattice","radiance","F2/C3/V0/A2/R0","1","Publicly inspectable hazardous containment","Containment / Civic Signal","t1r05 + t1s04 + t1o07","runtime role: public-safe hazardous containment | runtime families: Starlift Foundry; Singularity Containment Mandala precursor","tabletop (derived from current lore/art)","transparent containment civilization","trait=containment; motif=vessel; bespoke=none","none; current containment value is a visual trait, not a canonical capability tag","mechanics artifacts/api-server/src/lib/gameEngine.ts:584; runtime lore artifacts/api-server/src/lib/cardLore.ts:600; canon /Users/chaoscalligraphy/Documents/Lumiane/docs/LUMINAe_UNIFIED_LORE_ARTIFACT_REFERENCE_v1.0.md:1233; lineage /Users/chaoscalligraphy/Documents/Lumiane/docs/LUMINAe_TECHNOLOGY_LINEAGE_MATRIX_v2.0.md","Technology v2 assigns the authoritative Artifact registry and BUILT_ON to @workspace/game-types, but current mechanics remain in api-server CARD_CATALOG and lineage is documentation-only.","PARTIAL","Evidence confidence: strong runtime mechanics/lore and partial canon consolidation. Core identity is coherent, but capability tags and runtime lineage are absent; depiction is presentation-derived."
"t2p02","2","Null-Convergence Prism","Null-Convergence Prism","radiance","F0/C2/V1/A4/R0","2","Warning against categorical compression","Sensor / Interface","t1s03 + t1e05 + t1o08","runtime role: category collapse warning | runtime families: Singularity Containment Mandala precursor; Matrioshka Mind","tabletop (derived from current lore/art)","convergence-auditing civilization","trait=accord; motif=prism; bespoke=none","none; current accord value is a visual trait, not a canonical capability tag","mechanics artifacts/api-server/src/lib/gameEngine.ts:585; runtime lore artifacts/api-server/src/lib/cardLore.ts:614; canon /Users/chaoscalligraphy/Documents/Lumiane/docs/LUMINAe_UNIFIED_LORE_ARTIFACT_REFERENCE_v1.0.md:1234; lineage /Users/chaoscalligraphy/Documents/Lumiane/docs/LUMINAe_TECHNOLOGY_LINEAGE_MATRIX_v2.0.md","Technology v2 assigns the authoritative Artifact registry and BUILT_ON to @workspace/game-types, but current mechanics remain in api-server CARD_CATALOG and lineage is documentation-only.","PARTIAL","Evidence confidence: strong runtime mechanics/lore and partial canon consolidation. Core identity is coherent, but capability tags and runtime lineage are absent; depiction is presentation-derived."
"t2p03","2","Living Treaty Organ","Living Treaty Organ","radiance","F0/C0/V3/A0/R3","2","Enforceable biological agreements among worlds","Biotech Module / Civic Protocol","t1e01 + t1e07 + t1p06","runtime role: multi-world biological governance | runtime families: Heliosphere Weather Loom; Galactic Concordance Engine precursor","macro (derived from current lore/art)","plural civic ecology","trait=accord; motif=organ; bespoke=none","none; current accord value is a visual trait, not a canonical capability tag","mechanics artifacts/api-server/src/lib/gameEngine.ts:586; runtime lore artifacts/api-server/src/lib/cardLore.ts:621; canon /Users/chaoscalligraphy/Documents/Lumiane/docs/LUMINAe_UNIFIED_LORE_ARTIFACT_REFERENCE_v1.0.md:1235; lineage /Users/chaoscalligraphy/Documents/Lumiane/docs/LUMINAe_TECHNOLOGY_LINEAGE_MATRIX_v2.0.md","Technology v2 assigns the authoritative Artifact registry and BUILT_ON to @workspace/game-types, but current mechanics remain in api-server CARD_CATALOG and lineage is documentation-only.","PARTIAL","Evidence confidence: strong runtime mechanics/lore and partial canon consolidation. Core identity is coherent, but capability tags and runtime lineage are absent; depiction is presentation-derived."
"t2p04","2","Heliostat Filament","Heliostat Filament","radiance","F3/C2/V0/A0/R2","1","Precise coordination of stellar light steering","Power Component / Signal Object","t1r01 + t1s04 + t1p03","runtime role: stellar light alignment | runtime families: Dyson Swarm; Heliosphere Weather Loom","macro (derived from current lore/art)","solar coordination civilization","trait=lattice; motif=coil; bespoke=none","none; current lattice value is a visual trait, not a canonical capability tag","mechanics artifacts/api-server/src/lib/gameEngine.ts:587; runtime lore artifacts/api-server/src/lib/cardLore.ts:628; canon /Users/chaoscalligraphy/Documents/Lumiane/docs/LUMINAe_UNIFIED_LORE_ARTIFACT_REFERENCE_v1.0.md:1236; lineage /Users/chaoscalligraphy/Documents/Lumiane/docs/LUMINAe_TECHNOLOGY_LINEAGE_MATRIX_v2.0.md","Technology v2 assigns the authoritative Artifact registry and BUILT_ON to @workspace/game-types, but current mechanics remain in api-server CARD_CATALOG and lineage is documentation-only.","PARTIAL","Evidence confidence: strong runtime mechanics/lore and partial canon consolidation. Core identity is coherent, but capability tags and runtime lineage are absent; depiction is presentation-derived."
"t2p05","2","Error-Correcting Core","Error-Correcting Core","radiance","F0/C0/V0/A0/R5","2","Coherent computation across stellar distance","Computation Substrate / Protocol","t1p01 + t1p05 + t1p06","runtime role: high-energy error correction | runtime families: Matrioshka Mind; Causality Audit Court precursor","room (derived from current lore/art)","precision computation civilization","trait=chronology; motif=aperture; bespoke=none","none; current chronology value is a visual trait, not a canonical capability tag","mechanics artifacts/api-server/src/lib/gameEngine.ts:588; runtime lore artifacts/api-server/src/lib/cardLore.ts:635; canon /Users/chaoscalligraphy/Documents/Lumiane/docs/LUMINAe_UNIFIED_LORE_ARTIFACT_REFERENCE_v1.0.md:1237; lineage /Users/chaoscalligraphy/Documents/Lumiane/docs/LUMINAe_TECHNOLOGY_LINEAGE_MATRIX_v2.0.md","Technology v2 assigns the authoritative Artifact registry and BUILT_ON to @workspace/game-types, but current mechanics remain in api-server CARD_CATALOG and lineage is documentation-only.","PARTIAL","Evidence confidence: strong runtime mechanics/lore and partial canon consolidation. Core identity is coherent, but capability tags and runtime lineage are absent; depiction is presentation-derived."
"t2p06","2","Radiation Treaty Prism","Radiation Treaty Prism","radiance","F0/C2/V3/A2/R0","2","Fair distribution of stellar-radiation burden","Civic Signal / Sensor","t1s06 + t1e04 + t1o02","runtime role: shared radiation governance | runtime families: Heliosphere Weather Loom; Arkseed Migration Fleet","tabletop (derived from current lore/art)","multi-world biosphere treaty culture","trait=accord; motif=prism; bespoke=none","none; current accord value is a visual trait, not a canonical capability tag","mechanics artifacts/api-server/src/lib/gameEngine.ts:589; runtime lore artifacts/api-server/src/lib/cardLore.ts:648; canon /Users/chaoscalligraphy/Documents/Lumiane/docs/LUMINAe_UNIFIED_LORE_ARTIFACT_REFERENCE_v1.0.md:1238; lineage /Users/chaoscalligraphy/Documents/Lumiane/docs/LUMINAe_TECHNOLOGY_LINEAGE_MATRIX_v2.0.md","Technology v2 assigns the authoritative Artifact registry and BUILT_ON to @workspace/game-types, but current mechanics remain in api-server CARD_CATALOG and lineage is documentation-only.","PARTIAL","Evidence confidence: strong runtime mechanics/lore and partial canon consolidation. Core identity is coherent, but capability tags and runtime lineage are absent; depiction is presentation-derived."
"t3r01","3","Ignition Reliquary","Relicfire Interpreter","flare","F3/C0/V0/A5/R3","3","Translates alien ignition systems into safe startup sequences.","Galactic Energy Network / Archive [runtime v1 form; conflicts with bounded Technology v2 Artifact doctrine]","t2r05 + t2o03 + t2p01","runtime role: stellar ignition continuity | runtime families: Stellar Nursery Rite; Galactic Relic Forge | v2 Project leads: Ignition Reliquary; Relic Forge Commons","galactic (derived from current lore/art)","stellar lineage civilization","trait=ignition; motif=archive; bespoke=magnetic_bottle","none; current ignition value is a visual trait, not a canonical capability tag","mechanics artifacts/api-server/src/lib/gameEngine.ts:593; runtime lore artifacts/api-server/src/lib/cardLore.ts:660; canon /Users/chaoscalligraphy/Documents/Lumiane/docs/LUMINAe_TECHNOLOGY_SYSTEM_v2.0.md:70; lineage /Users/chaoscalligraphy/Documents/Lumiane/docs/LUMINAe_TECHNOLOGY_LINEAGE_MATRIX_v2.0.md","Technology v2 assigns the authoritative Artifact registry and BUILT_ON to @workspace/game-types, but current mechanics remain in api-server CARD_CATALOG and lineage is documentation-only. Runtime Ignition Reliquary and its galactic-work art/form conflict with Technology v2 Relicfire Interpreter bounded-keystone canon.","CANON_CONFLICT","Evidence confidence: strong runtime plus strong canonical contradiction. Runtime identity, form, art, and depiction metadata require reconciliation; capability tags are absent."
"t3r02","3","Extinction Furnace","Terminal-System Reclaimer","flare","F0/C0/V3/A6/R3","4","Recovers useful matter and energy from dead systems without spreading their failure.","Galactic Disassembly Megastructure / Power Infrastructure [runtime v1 form; conflicts with bounded Technology v2 Artifact doctrine]","t2e05 + t2o04 + t2p03","runtime role: terminal-system disassembly | runtime families: Causality Audit Court; Black-Map Pilgrimage Engine | v2 Project leads: Extinction Furnace; Interstellar Necrobiome","galactic (derived from current lore/art)","catastrophe-governance civilization","trait=entropy; motif=forge; bespoke=none","none; current entropy value is a visual trait, not a canonical capability tag","mechanics artifacts/api-server/src/lib/gameEngine.ts:594; runtime lore artifacts/api-server/src/lib/cardLore.ts:673; canon /Users/chaoscalligraphy/Documents/Lumiane/docs/LUMINAe_TECHNOLOGY_SYSTEM_v2.0.md:71; lineage /Users/chaoscalligraphy/Documents/Lumiane/docs/LUMINAe_TECHNOLOGY_LINEAGE_MATRIX_v2.0.md","Technology v2 assigns the authoritative Artifact registry and BUILT_ON to @workspace/game-types, but current mechanics remain in api-server CARD_CATALOG and lineage is documentation-only. Runtime Extinction Furnace and its galactic-work art/form conflict with Technology v2 Terminal-System Reclaimer bounded-keystone canon.","CANON_CONFLICT","Evidence confidence: strong runtime plus strong canonical contradiction. Runtime identity, form, art, and depiction metadata require reconciliation; capability tags are absent."
"t3r03","3","Chronoflare Array","Chronoflare Phase Regulator","flare","F0/C5/V0/A3/R3","3","Synchronizes relativistic stellar events without forcing one universal clock.","Galactic Energy Array / Chronology Infrastructure [runtime v1 form; conflicts with bounded Technology v2 Artifact doctrine]","t2s02 + t2o06 + t2p04","runtime role: synchronized galactic power | runtime families: Causality Audit Court; Matrioshka Chorus precursor | v2 Project leads: Chronoflare Array; Chronology Accord","galactic (derived from current lore/art)","relativistic energy civilization","trait=ignition; motif=prism; bespoke=none","none; current ignition value is a visual trait, not a canonical capability tag","mechanics artifacts/api-server/src/lib/gameEngine.ts:595; runtime lore artifacts/api-server/src/lib/cardLore.ts:686; canon /Users/chaoscalligraphy/Documents/Lumiane/docs/LUMINAe_TECHNOLOGY_SYSTEM_v2.0.md:72; lineage /Users/chaoscalligraphy/Documents/Lumiane/docs/LUMINAe_TECHNOLOGY_LINEAGE_MATRIX_v2.0.md","Technology v2 assigns the authoritative Artifact registry and BUILT_ON to @workspace/game-types, but current mechanics remain in api-server CARD_CATALOG and lineage is documentation-only. Runtime Chronoflare Array and its galactic-work art/form conflict with Technology v2 Chronoflare Phase Regulator bounded-keystone canon.","CANON_CONFLICT","Evidence confidence: strong runtime plus strong canonical contradiction. Runtime identity, form, art, and depiction metadata require reconciliation; capability tags are absent."
"t3r04","3","Star-River Crucible","Plural Habitat Forge Heart","flare","F0/C0/V7/A3/R3","5","Fabricates habitat cores compatible with unrelated forms of life.","Galactic Fabrication Infrastructure / Biotech Interface [runtime v1 form; conflicts with bounded Technology v2 Artifact doctrine]","t2e01 + t2o04 + t2p06","runtime role: living megastructure fabrication | runtime families: Star-River Migration Lattice; Galactic Relic Forge | v2 Project leads: Star-River Crucible; Stellar Overgrowth","galactic (derived from current lore/art)","living industrial expansion civilization","trait=replication; motif=lattice; bespoke=none","none; current replication value is a visual trait, not a canonical capability tag","mechanics artifacts/api-server/src/lib/gameEngine.ts:596; runtime lore artifacts/api-server/src/lib/cardLore.ts:699; canon /Users/chaoscalligraphy/Documents/Lumiane/docs/LUMINAe_TECHNOLOGY_SYSTEM_v2.0.md:73; lineage /Users/chaoscalligraphy/Documents/Lumiane/docs/LUMINAe_TECHNOLOGY_LINEAGE_MATRIX_v2.0.md","Technology v2 assigns the authoritative Artifact registry and BUILT_ON to @workspace/game-types, but current mechanics remain in api-server CARD_CATALOG and lineage is documentation-only. Runtime Star-River Crucible and its galactic-work art/form conflict with Technology v2 Plural Habitat Forge Heart bounded-keystone canon.","CANON_CONFLICT","Evidence confidence: strong runtime plus strong canonical contradiction. Runtime identity, form, art, and depiction metadata require reconciliation; capability tags are absent."
"t3s01","3","Wormgate Spine","Voidline Route Solver","continuum","F5/C3/V0/A0/R3","3","Computes traversable paths through regions where ordinary navigation fails.","Galactic Transit Megastructure / Control Network [runtime v1 form; conflicts with bounded Technology v2 Artifact doctrine]","t2r03 + t2s01 + t2p05","runtime role: galactic transit continuity | runtime families: Black-Map Pilgrimage Engine; Extragalactic Gatework | v2 Project leads: Wormgate Spine; Dark-Sector Aperture","galactic (derived from current lore/art)","interstellar transit civilization","trait=transit; motif=coil; bespoke=none","none; current transit value is a visual trait, not a canonical capability tag","mechanics artifacts/api-server/src/lib/gameEngine.ts:598; runtime lore artifacts/api-server/src/lib/cardLore.ts:713; canon /Users/chaoscalligraphy/Documents/Lumiane/docs/LUMINAe_TECHNOLOGY_SYSTEM_v2.0.md:74; lineage /Users/chaoscalligraphy/Documents/Lumiane/docs/LUMINAe_TECHNOLOGY_LINEAGE_MATRIX_v2.0.md","Technology v2 assigns the authoritative Artifact registry and BUILT_ON to @workspace/game-types, but current mechanics remain in api-server CARD_CATALOG and lineage is documentation-only. Runtime Wormgate Spine and its galactic-work art/form conflict with Technology v2 Voidline Route Solver bounded-keystone canon.","CANON_CONFLICT","Evidence confidence: strong runtime plus strong canonical contradiction. Runtime identity, form, art, and depiction metadata require reconciliation; capability tags are absent."
"t3s02","3","Recursive Commonwealth","Divergence Reconciler","continuum","F6/C3/V0/A3/R0","4","Reconciles incompatible civic records without erasing their differences.","Distributed Civic Continuity Network / Protocol Infrastructure [runtime v1 form; conflicts with bounded Technology v2 Artifact doctrine]","t2r05 + t2s03 + t2o02","runtime role: distributed civic reconciliation | runtime families: Causality Audit Court; Galactic Concordance | v2 Project leads: Recursive Commonwealth; Causality Audit Court","galactic (derived from current lore/art)","plural continuity civilization","trait=accord; motif=lattice; bespoke=none","none; current accord value is a visual trait, not a canonical capability tag","mechanics artifacts/api-server/src/lib/gameEngine.ts:599; runtime lore artifacts/api-server/src/lib/cardLore.ts:726; canon /Users/chaoscalligraphy/Documents/Lumiane/docs/LUMINAe_TECHNOLOGY_SYSTEM_v2.0.md:75; lineage /Users/chaoscalligraphy/Documents/Lumiane/docs/LUMINAe_TECHNOLOGY_LINEAGE_MATRIX_v2.0.md","Technology v2 assigns the authoritative Artifact registry and BUILT_ON to @workspace/game-types, but current mechanics remain in api-server CARD_CATALOG and lineage is documentation-only. Runtime Recursive Commonwealth and its galactic-work art/form conflict with Technology v2 Divergence Reconciler bounded-keystone canon.","CANON_CONFLICT","Evidence confidence: strong runtime plus strong canonical contradiction. Runtime identity, form, art, and depiction metadata require reconciliation; capability tags are absent."
"t3s03","3","Extinction Archive","Extinction Signal Decoder","continuum","F3/C0/V5/A3/R0","3","Recovers meaning from signals made by vanished civilizations.","Galactic Archive Network / Civic Signal [runtime v1 form; conflicts with bounded Technology v2 Artifact doctrine]","t2r02 + t2e05 + t2o04","runtime role: extinct-civilization memory | runtime families: Spiral-Arm Archive; Galactic Concordance | v2 Project leads: Extinction Archive; Interstellar Necrobiome","galactic (derived from current lore/art)","galactic archivist civilization","trait=archive; motif=prism; bespoke=none","none; current archive value is a visual trait, not a canonical capability tag","mechanics artifacts/api-server/src/lib/gameEngine.ts:600; runtime lore artifacts/api-server/src/lib/cardLore.ts:740; canon /Users/chaoscalligraphy/Documents/Lumiane/docs/LUMINAe_TECHNOLOGY_SYSTEM_v2.0.md:76; lineage /Users/chaoscalligraphy/Documents/Lumiane/docs/LUMINAe_TECHNOLOGY_LINEAGE_MATRIX_v2.0.md","Technology v2 assigns the authoritative Artifact registry and BUILT_ON to @workspace/game-types, but current mechanics remain in api-server CARD_CATALOG and lineage is documentation-only. Runtime Extinction Archive and its galactic-work art/form conflict with Technology v2 Extinction Signal Decoder bounded-keystone canon.","CANON_CONFLICT","Evidence confidence: strong runtime plus strong canonical contradiction. Runtime identity, form, art, and depiction metadata require reconciliation; capability tags are absent."
"t3s04","3","Chronology Accord","Relativistic Chronology Governor","continuum","F3/C7/V0/A0/R3","5","Lets distant systems share an ordered history across unequal clocks.","Galactic Chronology Infrastructure / Civic Protocol [runtime v1 form; conflicts with bounded Technology v2 Artifact doctrine]","t2r05 + t2s05 + t2p06","runtime role: galactic chronology governance | runtime families: Causality Audit Court; Spiral-Arm Archive | v2 Project leads: Chronology Accord; Causality Audit Court","galactic (derived from current lore/art)","chronology-governing civilization","trait=chronology; motif=archive; bespoke=none","none; current chronology value is a visual trait, not a canonical capability tag","mechanics artifacts/api-server/src/lib/gameEngine.ts:601; runtime lore artifacts/api-server/src/lib/cardLore.ts:753; canon /Users/chaoscalligraphy/Documents/Lumiane/docs/LUMINAe_TECHNOLOGY_SYSTEM_v2.0.md:77; lineage /Users/chaoscalligraphy/Documents/Lumiane/docs/LUMINAe_TECHNOLOGY_LINEAGE_MATRIX_v2.0.md","Technology v2 assigns the authoritative Artifact registry and BUILT_ON to @workspace/game-types, but current mechanics remain in api-server CARD_CATALOG and lineage is documentation-only. Runtime Chronology Accord and its galactic-work art/form conflict with Technology v2 Relativistic Chronology Governor bounded-keystone canon.","CANON_CONFLICT","Evidence confidence: strong runtime plus strong canonical contradiction. Runtime identity, form, art, and depiction metadata require reconciliation; capability tags are absent."
"t3e01","3","Worldroot Lattice","Xenobiome Route Graft","verdance","F0/C5/V3/A0/R3","3","Carries living material safely between incompatible ecologies.","Galactic Biosphere Network / Transit Ecology [runtime v1 form; conflicts with bounded Technology v2 Artifact doctrine]","t2s01 + t2e04 + t2p03","runtime role: biosphere propagation | runtime families: Spiral Ecology Mesh; Star-River Migration Lattice | v2 Project leads: Worldroot Lattice; Biosphere Concordance","galactic (derived from current lore/art)","interstellar symbiotic civilization","trait=biosphere; motif=seed; bespoke=none","none; current biosphere value is a visual trait, not a canonical capability tag","mechanics artifacts/api-server/src/lib/gameEngine.ts:603; runtime lore artifacts/api-server/src/lib/cardLore.ts:767; canon /Users/chaoscalligraphy/Documents/Lumiane/docs/LUMINAe_TECHNOLOGY_SYSTEM_v2.0.md:78; lineage /Users/chaoscalligraphy/Documents/Lumiane/docs/LUMINAe_TECHNOLOGY_LINEAGE_MATRIX_v2.0.md","Technology v2 assigns the authoritative Artifact registry and BUILT_ON to @workspace/game-types, but current mechanics remain in api-server CARD_CATALOG and lineage is documentation-only. Runtime Worldroot Lattice and its galactic-work art/form conflict with Technology v2 Xenobiome Route Graft bounded-keystone canon.","CANON_CONFLICT","Evidence confidence: strong runtime plus strong canonical contradiction. Runtime identity, form, art, and depiction metadata require reconciliation; capability tags are absent."
"t3e02","3","Stellar Overgrowth","Stellar Habitat Genome","verdance","F3/C6/V0/A3/R0","4","Encodes habitats that adapt to different stars without becoming identical.","Living Stellar Infrastructure / Power Ecology [runtime v1 form; conflicts with bounded Technology v2 Artifact doctrine]","t2r04 + t2s02 + t2o03","runtime role: star-integrated ecology | runtime families: Spiral Ecology Mesh; Stellar Nursery Rite | v2 Project leads: Stellar Overgrowth; Star-River Crucible","galactic (derived from current lore/art)","stellar ecology civilization","trait=biosphere; motif=lattice; bespoke=none","none; current biosphere value is a visual trait, not a canonical capability tag","mechanics artifacts/api-server/src/lib/gameEngine.ts:604; runtime lore artifacts/api-server/src/lib/cardLore.ts:780; canon /Users/chaoscalligraphy/Documents/Lumiane/docs/LUMINAe_TECHNOLOGY_SYSTEM_v2.0.md:79; lineage /Users/chaoscalligraphy/Documents/Lumiane/docs/LUMINAe_TECHNOLOGY_LINEAGE_MATRIX_v2.0.md","Technology v2 assigns the authoritative Artifact registry and BUILT_ON to @workspace/game-types, but current mechanics remain in api-server CARD_CATALOG and lineage is documentation-only. Runtime Stellar Overgrowth and its galactic-work art/form conflict with Technology v2 Stellar Habitat Genome bounded-keystone canon.","CANON_CONFLICT","Evidence confidence: strong runtime plus strong canonical contradiction. Runtime identity, form, art, and depiction metadata require reconciliation; capability tags are absent."
"t3e03","3","Interstellar Necrobiome","Extinction Immunome","verdance","F0/C3/V0/A5/R3","3","Teaches living systems to survive failure patterns recovered from dead worlds.","Galactic Recovery Ecology / Archive [runtime v1 form; conflicts with bounded Technology v2 Artifact doctrine]","t2s05 + t2o05 + t2p01","runtime role: dead-system reclamation | runtime families: Spiral Ecology Mesh; Spiral-Arm Archive | v2 Project leads: Interstellar Necrobiome; Cryptobiotic Constellation","galactic (derived from current lore/art)","ancestral recycler civilization","trait=biosphere; motif=seed; bespoke=ashroot_recovery","none; current biosphere value is a visual trait, not a canonical capability tag","mechanics artifacts/api-server/src/lib/gameEngine.ts:605; runtime lore artifacts/api-server/src/lib/cardLore.ts:793; canon /Users/chaoscalligraphy/Documents/Lumiane/docs/LUMINAe_TECHNOLOGY_SYSTEM_v2.0.md:80; lineage /Users/chaoscalligraphy/Documents/Lumiane/docs/LUMINAe_TECHNOLOGY_LINEAGE_MATRIX_v2.0.md","Technology v2 assigns the authoritative Artifact registry and BUILT_ON to @workspace/game-types, but current mechanics remain in api-server CARD_CATALOG and lineage is documentation-only. Runtime Interstellar Necrobiome and its galactic-work art/form conflict with Technology v2 Extinction Immunome bounded-keystone canon.","CANON_CONFLICT","Evidence confidence: strong runtime plus strong canonical contradiction. Runtime identity, form, art, and depiction metadata require reconciliation; capability tags are absent."
"t3e04","3","Biosphere Concordance","Biosphere Translation Membrane","verdance","F3/C3/V7/A0/R0","5","Exchanges matter between alien ecologies without allowing either to consume the other.","Galactic Ecology Coordination Network / Biotech Protocol [runtime v1 form; conflicts with bounded Technology v2 Artifact doctrine]","t2r02 + t2s04 + t2e04","runtime role: ecological coexistence | runtime families: Galactic Concordance; Spiral Ecology Mesh | v2 Project leads: Biosphere Concordance; Galactic Concordance","galactic (derived from current lore/art)","plural biosphere civilization","trait=accord; motif=seed; bespoke=none","none; current accord value is a visual trait, not a canonical capability tag","mechanics artifacts/api-server/src/lib/gameEngine.ts:606; runtime lore artifacts/api-server/src/lib/cardLore.ts:806; canon /Users/chaoscalligraphy/Documents/Lumiane/docs/LUMINAe_TECHNOLOGY_SYSTEM_v2.0.md:81; lineage /Users/chaoscalligraphy/Documents/Lumiane/docs/LUMINAe_TECHNOLOGY_LINEAGE_MATRIX_v2.0.md","Technology v2 assigns the authoritative Artifact registry and BUILT_ON to @workspace/game-types, but current mechanics remain in api-server CARD_CATALOG and lineage is documentation-only. Runtime Biosphere Concordance and its galactic-work art/form conflict with Technology v2 Biosphere Translation Membrane bounded-keystone canon.","CANON_CONFLICT","Evidence confidence: strong runtime plus strong canonical contradiction. Runtime identity, form, art, and depiction metadata require reconciliation; capability tags are absent."
"t3o01","3","Cryptobiotic Constellation","Refuge Dormancy Kernel","abyss","F0/C3/V5/A3/R0","3","Preserves a complete refuge biosphere through geological catastrophe.","Galactic Concealment Network / Biosphere Reserve [runtime v1 form; conflicts with bounded Technology v2 Artifact doctrine]","t2s04 + t2e02 + t2o05","runtime role: hidden biosphere preservation | runtime families: Spiral Ecology Mesh; Dark-Sector Observatory | v2 Project leads: Cryptobiotic Constellation; Worldroot Lattice","galactic (derived from current lore/art)","buried survival civilization","trait=veil; motif=lattice; bespoke=none","none; current veil value is a visual trait, not a canonical capability tag","mechanics artifacts/api-server/src/lib/gameEngine.ts:608; runtime lore artifacts/api-server/src/lib/cardLore.ts:820; canon /Users/chaoscalligraphy/Documents/Lumiane/docs/LUMINAe_TECHNOLOGY_SYSTEM_v2.0.md:82; lineage /Users/chaoscalligraphy/Documents/Lumiane/docs/LUMINAe_TECHNOLOGY_LINEAGE_MATRIX_v2.0.md","Technology v2 assigns the authoritative Artifact registry and BUILT_ON to @workspace/game-types, but current mechanics remain in api-server CARD_CATALOG and lineage is documentation-only. Runtime Cryptobiotic Constellation and its galactic-work art/form conflict with Technology v2 Refuge Dormancy Kernel bounded-keystone canon.","CANON_CONFLICT","Evidence confidence: strong runtime plus strong canonical contradiction. Runtime identity, form, art, and depiction metadata require reconciliation; capability tags are absent."
"t3o02","3","Collapse Mandala","Collapse Forecast Engine","abyss","F0/C3/V6/A0/R3","4","Predicts cascading physical, ecological, and civic failure.","Galactic Containment Network / Observatory [runtime v1 form; conflicts with bounded Technology v2 Artifact doctrine]","t2s03 + t2e05 + t2p02","runtime role: collapse containment | runtime families: Singularity Containment Mandala; Causality Audit Court | v2 Project leads: Collapse Mandala; Causality Audit Court","galactic (derived from current lore/art)","collapse-auditing civilization","trait=containment; motif=lattice; bespoke=none","none; current containment value is a visual trait, not a canonical capability tag","mechanics artifacts/api-server/src/lib/gameEngine.ts:609; runtime lore artifacts/api-server/src/lib/cardLore.ts:833; canon /Users/chaoscalligraphy/Documents/Lumiane/docs/LUMINAe_TECHNOLOGY_SYSTEM_v2.0.md:83; lineage /Users/chaoscalligraphy/Documents/Lumiane/docs/LUMINAe_TECHNOLOGY_LINEAGE_MATRIX_v2.0.md","Technology v2 assigns the authoritative Artifact registry and BUILT_ON to @workspace/game-types, but current mechanics remain in api-server CARD_CATALOG and lineage is documentation-only. Runtime Collapse Mandala and its galactic-work art/form conflict with Technology v2 Collapse Forecast Engine bounded-keystone canon.","CANON_CONFLICT","Evidence confidence: strong runtime plus strong canonical contradiction. Runtime identity, form, art, and depiction metadata require reconciliation; capability tags are absent."
"t3o03","3","Ordered Silence","Quiet-Signal Symbiont","abyss","F3/C0/V3/A0/R5","3","Carries authenticated communication without revealing the sender's location.","Galactic Concealment Infrastructure / Signal Protocol [runtime v1 form; conflicts with bounded Technology v2 Artifact doctrine]","t2r06 + t2e04 + t2p05","runtime role: galactic signal discipline | runtime families: Dark-Sector Observatory; Black-Map Pilgrimage Engine | v2 Project leads: Ordered Silence; Cryptobiotic Constellation","galactic (derived from current lore/art)","silent survival civilization","trait=veil; motif=prism; bespoke=none","none; current veil value is a visual trait, not a canonical capability tag","mechanics artifacts/api-server/src/lib/gameEngine.ts:610; runtime lore artifacts/api-server/src/lib/cardLore.ts:846; canon /Users/chaoscalligraphy/Documents/Lumiane/docs/LUMINAe_TECHNOLOGY_SYSTEM_v2.0.md:84; lineage /Users/chaoscalligraphy/Documents/Lumiane/docs/LUMINAe_TECHNOLOGY_LINEAGE_MATRIX_v2.0.md","Technology v2 assigns the authoritative Artifact registry and BUILT_ON to @workspace/game-types, but current mechanics remain in api-server CARD_CATALOG and lineage is documentation-only. Runtime Ordered Silence and its galactic-work art/form conflict with Technology v2 Quiet-Signal Symbiont bounded-keystone canon.","CANON_CONFLICT","Evidence confidence: strong runtime plus strong canonical contradiction. Runtime identity, form, art, and depiction metadata require reconciliation; capability tags are absent."
"t3o04","3","Dark-Sector Aperture","Null-Baseline Interferometer","abyss","F0/C3/V3/A7/R0","5","Distinguishes true absence from insufficient observation.","Galactic Observatory Megastructure / Boundary Interface [runtime v1 form; conflicts with bounded Technology v2 Artifact doctrine]","t2s06 + t2e03 + t2o01","runtime role: forbidden-sector observation | runtime families: Dark-Sector Observatory; Black-Map Pilgrimage Engine | v2 Project leads: Dark-Sector Aperture; Collapse Mandala","galactic (derived from current lore/art)","hidden observer civilization","trait=aperture; motif=aperture; bespoke=none","none; current aperture value is a visual trait, not a canonical capability tag","mechanics artifacts/api-server/src/lib/gameEngine.ts:611; runtime lore artifacts/api-server/src/lib/cardLore.ts:859; canon /Users/chaoscalligraphy/Documents/Lumiane/docs/LUMINAe_TECHNOLOGY_SYSTEM_v2.0.md:85; lineage /Users/chaoscalligraphy/Documents/Lumiane/docs/LUMINAe_TECHNOLOGY_LINEAGE_MATRIX_v2.0.md","Technology v2 assigns the authoritative Artifact registry and BUILT_ON to @workspace/game-types, but current mechanics remain in api-server CARD_CATALOG and lineage is documentation-only. Runtime Dark-Sector Aperture and its galactic-work art/form conflict with Technology v2 Null-Baseline Interferometer bounded-keystone canon.","CANON_CONFLICT","Evidence confidence: strong runtime plus strong canonical contradiction. Runtime identity, form, art, and depiction metadata require reconciliation; capability tags are absent."
"t3p01","3","Galactic Concordance","Plurality Accord Verifier","radiance","F3/C0/V3/A5/R0","3","Tests whether unlike minds have given authentic consent.","Galactic Civic Institution / Enforcement Network [runtime v1 form; conflicts with bounded Technology v2 Artifact doctrine]","t2r05 + t2e04 + t2o02","runtime role: multi-species legitimacy | runtime families: Causality Audit Court; Biosphere Concordance | v2 Project leads: Galactic Concordance; Biosphere Concordance","galactic (derived from current lore/art)","plural civic civilization","trait=accord; motif=lattice; bespoke=none","none; current accord value is a visual trait, not a canonical capability tag","mechanics artifacts/api-server/src/lib/gameEngine.ts:613; runtime lore artifacts/api-server/src/lib/cardLore.ts:873; canon /Users/chaoscalligraphy/Documents/Lumiane/docs/LUMINAe_TECHNOLOGY_SYSTEM_v2.0.md:86; lineage /Users/chaoscalligraphy/Documents/Lumiane/docs/LUMINAe_TECHNOLOGY_LINEAGE_MATRIX_v2.0.md","Technology v2 assigns the authoritative Artifact registry and BUILT_ON to @workspace/game-types, but current mechanics remain in api-server CARD_CATALOG and lineage is documentation-only. Runtime Galactic Concordance and its galactic-work art/form conflict with Technology v2 Plurality Accord Verifier bounded-keystone canon.","CANON_CONFLICT","Evidence confidence: strong runtime plus strong canonical contradiction. Runtime identity, form, art, and depiction metadata require reconciliation; capability tags are absent."
"t3p02","3","Relic Forge Commons","Relic Provenance Standard","radiance","F3/C0/V3/A0/R6","4","Verifies the material and procedural history of civilization-changing fabrication.","Galactic Fabrication Network / Civic Infrastructure [runtime v1 form; conflicts with bounded Technology v2 Artifact doctrine]","t2r01 + t2e06 + t2p05","runtime role: accountable relic manufacture | runtime families: Galactic Relic Forge; Matrioshka Chorus precursor | v2 Project leads: Relic Forge Commons; Star-River Crucible","galactic (derived from current lore/art)","public maker civilization","trait=replication; motif=lattice; bespoke=none","none; current replication value is a visual trait, not a canonical capability tag","mechanics artifacts/api-server/src/lib/gameEngine.ts:614; runtime lore artifacts/api-server/src/lib/cardLore.ts:886; canon /Users/chaoscalligraphy/Documents/Lumiane/docs/LUMINAe_TECHNOLOGY_SYSTEM_v2.0.md:87; lineage /Users/chaoscalligraphy/Documents/Lumiane/docs/LUMINAe_TECHNOLOGY_LINEAGE_MATRIX_v2.0.md","Technology v2 assigns the authoritative Artifact registry and BUILT_ON to @workspace/game-types, but current mechanics remain in api-server CARD_CATALOG and lineage is documentation-only. Runtime Relic Forge Commons and its galactic-work art/form conflict with Technology v2 Relic Provenance Standard bounded-keystone canon.","CANON_CONFLICT","Evidence confidence: strong runtime plus strong canonical contradiction. Runtime identity, form, art, and depiction metadata require reconciliation; capability tags are absent."
"t3p03","3","Matrioshka Chorus","Federated Logic Substrate","radiance","F5/C0/V3/A0/R3","3","Lets star-scale minds exchange proofs without merging identities.","Galactic Computation Network / Civic Protocol [runtime v1 form; conflicts with bounded Technology v2 Artifact doctrine]","t2r06 + t2e01 + t2p05","runtime role: plural galactic computation | runtime families: Matrioshka Mind; Causality Audit Court | v2 Project leads: Matrioshka Chorus; Stellar Overgrowth","galactic (derived from current lore/art)","accountable computation civilization","trait=lattice; motif=lattice; bespoke=entropy_baffle","none; current lattice value is a visual trait, not a canonical capability tag","mechanics artifacts/api-server/src/lib/gameEngine.ts:615; runtime lore artifacts/api-server/src/lib/cardLore.ts:899; canon /Users/chaoscalligraphy/Documents/Lumiane/docs/LUMINAe_TECHNOLOGY_SYSTEM_v2.0.md:88; lineage /Users/chaoscalligraphy/Documents/Lumiane/docs/LUMINAe_TECHNOLOGY_LINEAGE_MATRIX_v2.0.md","Technology v2 assigns the authoritative Artifact registry and BUILT_ON to @workspace/game-types, but current mechanics remain in api-server CARD_CATALOG and lineage is documentation-only. Runtime Matrioshka Chorus and its galactic-work art/form conflict with Technology v2 Federated Logic Substrate bounded-keystone canon.","CANON_CONFLICT","Evidence confidence: strong runtime plus strong canonical contradiction. Runtime identity, form, art, and depiction metadata require reconciliation; capability tags are absent."
"t3p04","3","Witness Constellation","Species-Rights Witness","radiance","F0/C3/V0/A3/R7","5","Records identity and harm in forms unrelated species can verify.","Galactic Verification Network / Civic Observatory [runtime v1 form; conflicts with bounded Technology v2 Artifact doctrine]","t2s05 + t2o02 + t2p03","runtime role: public rights verification | runtime families: Spiral-Arm Archive; Causality Audit Court | v2 Project leads: Witness Constellation; Galactic Concordance","galactic (derived from current lore/art)","multi-species witness civilization","trait=accord; motif=prism; bespoke=none","none; current accord value is a visual trait, not a canonical capability tag","mechanics artifacts/api-server/src/lib/gameEngine.ts:616; runtime lore artifacts/api-server/src/lib/cardLore.ts:912; canon /Users/chaoscalligraphy/Documents/Lumiane/docs/LUMINAe_TECHNOLOGY_SYSTEM_v2.0.md:89; lineage /Users/chaoscalligraphy/Documents/Lumiane/docs/LUMINAe_TECHNOLOGY_LINEAGE_MATRIX_v2.0.md","Technology v2 assigns the authoritative Artifact registry and BUILT_ON to @workspace/game-types, but current mechanics remain in api-server CARD_CATALOG and lineage is documentation-only. Runtime Witness Constellation and its galactic-work art/form conflict with Technology v2 Species-Rights Witness bounded-keystone canon.","CANON_CONFLICT","Evidence confidence: strong runtime plus strong canonical contradiction. Runtime identity, form, art, and depiction metadata require reconciliation; capability tags are absent."
